dpr_idobjetoa,dpr_idobjetob,dpr_latitudobja,dpr_longitudobja,dpr_altitudobja,dpr_velocidadobja,dpr_direccionobja,dpr_latitudobjb,dpr_longitudobjb,dpr_altitudobjb,dpr_velocidadobjb,dpr_direccionobjb,dpr_distanciaentreobj,dpr_tiporegistro,dpr_etiquetaregistro
5,11,-36.779738,-73.066406,0,168.9,234.7,-36.776291,-73.067475,0,40.9,199.2,5574,1,2
10,12,-36.779184,-73.063894,0,293.4,328.3,-36.777385,-73.066607,0,60.4,75,5428,1,2
1,14,-36.776378,-73.064641,0,152.7,237.7,-36.7754,-73.065732,0,118.2,135.7,5435,1,2
10,11,-36.776178,-73.064127,0,111.7,139.7,-36.775808,-73.06644,0,86.7,285.1,5383,1,2
7,14,-36.778682,-73.063518,0,190.1,290.8,-36.777501,-73.064298,0,195.6,133.4,4,1,2
4,18,-36.776874,-73.062773,0,58.2,2.1,-36.77793,-73.068356,0,110.7,219.6,5374,1,2
2,19,-36.779724,-73.065223,0,230.5,122.0,-36.776056,-73.06817,0,50.5,349.9,5553,1,2
4,12,-36.776319,-73.065736,0,95.0,174.4,-36.776886,-73.066729,0,229.1,17.9,5,1,2
6,12,-36.780383,-73.063606,0,272.5,58.9,-36.776302,-73.068518,0,84,167.6,5497,1,2
4,11,-36.777004,-73.065762,0,258.5,312.4,-36.778159,-73.06413,0,215.2,35,5417,1,2
2,12,-36.780533,-73.062490,0,207.0,236.0,-36.775872,-73.065627,0,51.1,252.8,5460,1,2
9,13,-36.779818,-73.063390,0,57.3,115.1,-36.777651,-73.066005,0,41,120.6,5503,1,2
7,21,-36.778725,-73.066027,0,19.7,232.8,-36.776801,-73.067429,0,259.4,23.7,5480,1,2
10,19,-36.776384,-73.063935,0,8.9,207.3,-36.777643,-73.066628,0,226,240.2,5352,1,2
4,13,-36.777878,-73.062573,0,189.1,71.3,-36.776309,-73.06624,0,143.5,15.5,5426,1,2
4,16,-36.779259,-73.066148,0,130.0,169.7,-36.777982,-73.06457,0,10.6,13.1,105,1,2
7,12,-36.777472,-73.063567,0,83.2,190.3,-36.776228,-73.066165,0,53,92.9,5428,1,2
1,20,-36.780825,-73.064114,0,248.5,290.0,-36.779683,-73.066291,0,278.6,242.5,35,1,2
10,20,-36.776174,-73.064957,0,291.6,68.4,-36.780022,-73.06826,0,165.4,172.1,396,1,2
5,12,-36.780788,-73.063387,0,152.4,264.7,-36.779569,-73.065518,0,4.1,35.4,121,1,2
6,14,-36.780807,-73.063100,0,55.1,8.3,-36.779791,-73.067984,0,202.3,356.8,5675,1,2
9,18,-36.777919,-73.064810,0,58.5,194.9,-36.778145,-73.066495,0,150.3,263,5395,1,2
7,19,-36.777003,-73.065485,0,232.8,28.4,-36.777594,-73.067514,0,145.5,349.4,396,1,2
10,19,-36.780307,-73.064561,0,56.3,22.7,-36.777118,-73.06719,0,163.5,350.1,5566,1,2
9,18,-36.780459,-73.065521,0,8.0,242.2,-36.778929,-73.068431,0,192.9,9.4,5600,1,2
4,19,-36.779580,-73.066313,0,72.3,112.9,-36.777698,-73.064744,0,146.3,169.8,158,1,2
9,19,-36.776448,-73.065178,0,241.9,46.2,-36.77517,-73.067483,0,164.1,106.6,40,1,2
3,11,-36.778485,-73.064314,0,137.8,300.4,-36.775576,-73.064389,0,104.2,267.6,286,1,2
10,16,-36.777432,-73.065930,0,66.1,322.6,-36.776432,-73.067293,0,293.5,313.8,392,1,2
2,16,-36.780522,-73.063881,0,246.9,196.9,-36.778491,-73.065833,0,36.4,300.6,128,1,2
6,14,-36.780849,-73.063779,0,12.4,107.6,-36.777454,-73.06504,0,55.2,156.4,244,1,2
10,16,-36.776768,-73.065243,0,129.8,68.0,-36.776954,-73.065597,0,151.3,157.5,0,1,2
3,12,-36.777841,-73.065085,0,252.6,236.8,-36.775232,-73.064087,0,65.9,32.6,286,1,2
4,18,-36.776502,-73.063119,0,161.0,224.2,-36.776529,-73.067941,0,150.5,27.7,5362,1,2
2,20,-36.777338,-73.063469,0,187.0,125.1,-36.77856,-73.065054,0,236.4,0.6,208,1,2
1,19,-36.779576,-73.066474,0,284.3,93.8,-36.777204,-73.065436,0,21,140.9,158,1,2
10,11,-36.776079,-73.064579,0,50.3,28.1,-36.780243,-73.066218,0,191.7,220.2,472,1,2
10,17,-36.780617,-73.066311,0,182.8,249.5,-36.775413,-73.066166,0,160.1,59.5,5643,1,2
7,16,-36.776759,-73.065332,0,268.6,139.6,-36.779339,-73.064605,0,295.6,241.1,5500,1,2
6,17,-36.778502,-73.065009,0,20.3,50.5,-36.779875,-73.065873,0,214.9,296.6,135,1,2
1,16,-36.777109,-73.063368,0,130.8,293.7,-36.778092,-73.064671,0,65.9,206.5,214,1,2
4,12,-36.777663,-73.064139,0,33.8,39.2,-36.775935,-73.068314,0,251.5,194.5,5393,1,2
9,21,-36.780413,-73.064326,0,250.4,43.2,-36.777169,-73.068077,0,34.8,219.5,5568,1,2
10,16,-36.776988,-73.064500,0,81.1,115.9,-36.775384,-73.066217,0,150.3,155.2,5457,1,2
10,15,-36.778234,-73.064950,0,139.9,78.1,-36.778578,-73.064446,0,111.3,289.2,0,1,2
8,15,-36.775994,-73.064739,0,151.7,205.7,-36.776524,-73.068009,0,10.3,181.3,26,1,2
2,18,-36.778153,-73.066270,0,210.0,202.2,-36.775765,-73.064907,0,261.7,98.2,397,1,2
2,17,-36.776106,-73.065148,0,286.5,68.5,-36.776409,-73.067216,0,10.5,331,5,1,2
5,11,-36.780438,-73.063375,0,191.7,203.5,-36.775697,-73.065293,0,21.5,84.2,5529,1,2
7,14,-36.780587,-73.063450,0,227.6,270.5,-36.777395,-73.06623,0,208.6,229.2,5671,1,2
6,18,-36.777070,-73.066207,0,50.6,138.7,-36.7763,-73.067394,0,228.8,82.8,0,1,2
2,19,-36.776249,-73.064980,0,247.5,304.5,-36.776609,-73.065989,0,46,308.6,0,1,2
7,20,-36.780608,-73.066286,0,1.1,82.1,-36.77777,-73.065755,0,284,159.8,195,1,2
8,21,-36.776810,-73.063692,0,66.9,67.3,-36.778214,-73.06756,0,93.9,264.6,5403,1,2
2,20,-36.776082,-73.064644,0,175.9,327.3,-36.777754,-73.063851,0,60.9,135.2,242,1,2
6,18,-36.778810,-73.064764,0,246.5,64.0,-36.779645,-73.066983,0,209.4,52.7,143,1,2
4,13,-36.780508,-73.064823,0,290.6,55.0,-36.77934,-73.064799,0,135.5,10,97,1,2
1,13,-36.779125,-73.063390,0,289.6,257.6,-36.777189,-73.06585,0,245.2,254.8,5429,1,2
8,14,-36.780944,-73.065484,0,60.0,133.7,-36.77838,-73.067857,0,159.9,188.5,5600,1,2
5,21,-36.776126,-73.066331,0,159.2,233.4,-36.779281,-73.065309,0,53,252.6,5521,1,2
10,13,-36.778566,-73.065341,0,26.7,340.5,-36.777573,-73.066654,0,289.3,251,5425,1,2
10,17,-36.776938,-73.065248,0,148.0,203.0,-36.776089,-73.064858,0,160.5,278.7,5416,1,2
10,17,-36.779202,-73.062875,0,125.0,134.6,-36.775241,-73.065699,0,59.8,116.7,5420,1,2
2,11,-36.776521,-73.066205,0,127.7,243.1,-36.776188,-73.06431,0,259.6,227.8,5382,1,2
3,16,-36.776606,-73.063276,0,298.0,259.6,-36.778553,-73.064761,0,17,302.2,283,1,2
2,16,-36.778732,-73.065222,0,208.0,178.8,-36.776232,-73.066756,0,3.5,27.7,5465,1,2
9,11,-36.776069,-73.065474,0,55.8,98.1,-36.778332,-73.068139,0,202.6,163.8,396,1,2
7,20,-36.780383,-73.064663,0,259.3,311.6,-36.778383,-73.067482,0,116.8,127.1,5568,1,2
2,18,-36.776470,-73.063216,0,101.4,6.6,-36.779554,-73.06679,0,198.7,279.5,432,1,2
1,12,-36.777680,-73.062594,0,90.5,32.2,-36.778666,-73.068467,0,228.6,189.3,5414,1,2
6,16,-36.778008,-73.066159,0,176.2,311.8,-36.777996,-73.067406,0,127.3,94.3,0,1,2
1,21,-36.779953,-73.063451,0,149.9,215.9,-36.776978,-73.066193,0,284.2,194.6,5527,1,2
3,21,-36.778752,-73.062609,0,9.7,123.6,-36.776658,-73.065931,0,43.7,35.8,5409,1,2
9,16,-36.778697,-73.064417,0,130.9,103.9,-36.776652,-73.064503,0,257.1,98.3,232,1,2
8,18,-36.778968,-73.063664,0,173.5,337.2,-36.775301,-73.068185,0,107.6,131.2,5476,1,2
1,14,-36.776102,-73.064357,0,196.2,224.6,-36.778841,-73.066027,0,32,293.4,350,1,2
10,19,-36.777186,-73.062376,0,191.3,111.1,-36.778306,-73.066583,0,156.8,102.5,5390,1,2
4,15,-36.778257,-73.066150,0,164.6,322.0,-36.777699,-73.066182,0,69.8,268.5,0,1,2
10,17,-36.778976,-73.066206,0,194.3,28.5,-36.776485,-73.068179,0,241.7,93.1,5487,1,2
10,17,-36.780344,-73.063013,0,72.0,138.1,-36.777291,-73.065225,0,165.1,118.7,172,1,2
4,11,-36.776632,-73.062638,0,297.9,332.8,-36.780451,-73.065297,0,60,87.7,484,1,2
8,12,-36.780291,-73.066293,0,195.9,185.0,-36.776445,-73.067219,0,222.9,198.6,5626,1,2
4,12,-36.775935,-73.064714,0,243.6,279.0,-36.777934,-73.066496,0,281.1,226,5352,1,2
7,15,-36.778733,-73.062661,0,7.0,287.6,-36.77527,-73.068035,0,68.3,73.4,5446,1,2
3,12,-36.778774,-73.065508,0,186.0,117.5,-36.778916,-73.064174,0,193.3,213.9,29,1,2
1,13,-36.775851,-73.064118,0,252.4,296.0,-36.77629,-73.063929,0,79.9,326.9,0,1,2
8,18,-36.778149,-73.065766,0,294.7,308.1,-36.780212,-73.063853,0,299.1,316.4,157,1,2
10,11,-36.780077,-73.064148,0,110.9,23.0,-36.77995,-73.066955,0,38.3,317.4,73,1,2
2,19,-36.778507,-73.062417,0,119.3,37.8,-36.776097,-73.06521,0,97.4,78.3,5364,1,2
4,16,-36.779988,-73.065313,0,272.9,245.5,-36.777459,-73.067306,0,193.4,163.6,5548,1,2
4,11,-36.777765,-73.065052,0,75.2,125.0,-36.779075,-73.065609,0,127,152,84,1,2
5,14,-36.778207,-73.064671,0,40.6,303.1,-36.776979,-73.068237,0,84.1,15.2,5402,1,2
4,18,-36.779162,-73.065840,0,96.3,164.9,-36.776252,-73.067357,0,40.6,32.6,5527,1,2
5,15,-36.780348,-73.065920,0,113.0,283.1,-36.777585,-73.064353,0,244.1,162.5,219,1,2
8,18,-36.780939,-73.064054,0,11.8,60.9,-36.775631,-73.06776,0,40.7,121.9,5654,1,2
2,16,-36.779799,-73.062646,0,10.2,327.4,-36.778929,-73.066765,0,198.2,236.4,5414,1,2
4,18,-36.780220,-73.064102,0,272.1,206.1,-36.775247,-73.066633,0,74.2,175.4,5603,1,2
7,21,-36.778181,-73.064649,0,92.3,3.1,-36.77809,-73.068599,0,81.1,141.5,5402,1,2
3,12,-36.776552,-73.062962,0,115.7,119.3,-36.775538,-73.064672,0,256.4,133.7,5383,1,2
9,21,-36.777008,-73.066531,0,187.2,331.0,-36.780022,-73.064307,0,115.7,49.8,5554,1,2
1,21,-36.777913,-73.063665,0,284.4,5.6,-36.779427,-73.06803,0,0.6,135.5,5370,1,2
4,12,-36.780243,-73.065338,0,37.5,205.2,-36.7793,-73.065755,0,277.9,3.9,58,1,2
10,12,-36.776566,-73.064828,0,254.5,24.7,-36.779789,-73.064666,0,87.4,231.3,332,1,2
6,13,-36.777413,-73.065823,0,17.2,158.6,-36.780162,-73.066166,0,287.5,112.9,5601,1,2
1,21,-36.777238,-73.065436,0,262.2,149.0,-36.779775,-73.065176,0,10.6,94.1,145,1,2
2,16,-36.780707,-73.064614,0,10.0,168.9,-36.779281,-73.067389,0,143.4,178,5600,1,2
7,16,-36.776771,-73.063050,0,199.1,299.3,-36.779548,-73.064655,0,138.8,29.8,354,1,2
5,14,-36.777891,-73.065312,0,259.1,305.6,-36.778459,-73.064073,0,105.2,40.9,10,1,2
7,15,-36.778473,-73.063012,0,278.9,134.0,-36.777078,-73.064168,0,83.8,270.7,126,1,2
7,17,-36.776379,-73.065531,0,229.4,130.1,-36.775379,-73.065231,0,197.2,180.1,4,1,2
2,13,-36.776494,-73.062918,0,242.0,56.0,-36.775901,-73.066168,0,47.9,123.4,5383,1,2
8,20,-36.776038,-73.063384,0,97.2,348.3,-36.77539,-73.064275,0,121,168.3,0,1,2
2,15,-36.780961,-73.065620,0,225.2,149.4,-36.778426,-73.067353,0,266,317.8,5600,1,2
1,18,-36.779543,-73.065096,0,32.2,74.9,-36.777848,-73.066158,0,31.7,71.6,5496,1,2
3,14,-36.776042,-73.063935,0,165.2,84.8,-36.777725,-73.067507,0,252.3,308.3,5352,1,2
4,19,-36.779891,-73.064876,0,140.7,205.4,-36.77788,-73.067591,0,102.3,314,5536,1,2
5,18,-36.777429,-73.064320,0,205.3,253.9,-36.777398,-73.06489,0,116.7,204,10,1,2
2,11,-36.775865,-73.063591,0,23.8,210.9,-36.775419,-73.06777,0,51.1,56.9,5413,1,2
9,17,-36.776025,-73.064644,0,296.2,156.5,-36.778896,-73.066561,0,240.7,295.5,5352,1,2
9,19,-36.775928,-73.065597,0,91.6,358.2,-36.780456,-73.064171,0,69.6,182.5,5597,1,2
10,19,-36.778536,-73.066334,0,114.4,158.6,-36.775518,-73.066872,0,184.1,213.4,406,1,2
3,13,-36.780701,-73.063065,0,200.7,175.9,-36.778382,-73.063847,0,183.5,125.2,290,1,2
7,12,-36.777034,-73.063105,0,208.8,28.5,-36.778522,-73.068476,0,156.2,25.9,5403,1,2
5,21,-36.777748,-73.062753,0,201.0,52.7,-36.77821,-73.067984,0,253.1,202.3,5401,1,2
3,16,-36.777868,-73.063729,0,230.5,42.0,-36.778624,-73.065616,0,289,95.9,62,1,2
9,11,-36.777306,-73.063364,0,233.1,297.6,-36.776614,-73.068437,0,21.4,333,5398,1,2
6,14,-36.776934,-73.066459,0,132.1,221.4,-36.777178,-73.065153,0,144.6,83,5413,1,2
3,15,-36.775957,-73.063195,0,1.8,43.5,-36.776676,-73.065744,0,201.1,235.7,5383,1,2
8,17,-36.776300,-73.065382,0,147.7,107.5,-36.775971,-73.067698,0,204.2,48,0,1,2
2,17,-36.780151,-73.062990,0,113.2,216.0,-36.779141,-73.065661,0,49.7,269.3,76,1,2
8,16,-36.775892,-73.065694,0,93.7,221.9,-36.778884,-73.068336,0,191.9,13.9,396,1,2
7,19,-36.779298,-73.064969,0,135.7,187.2,-36.776698,-73.065951,0,263.5,301.1,5510,1,2
9,12,-36.779659,-73.064334,0,102.2,53.9,-36.779959,-73.065162,0,187.3,79.6,53,1,2
5,17,-36.777102,-73.062469,0,278.7,320.1,-36.776051,-73.064395,0,69.9,272.1,33,1,2
4,18,-36.779572,-73.066141,0,71.8,69.9,-36.780042,-73.066415,0,268.4,180.7,0,1,2
7,12,-36.777836,-73.064534,0,252.4,101.5,-36.775859,-73.068019,0,155.7,247.7,5419,1,2
10,19,-36.780521,-73.064609,0,276.8,261.6,-36.777395,-73.067408,0,272.1,318.9,5587,1,2
10,13,-36.779124,-73.062363,0,228.2,145.4,-36.776467,-73.068165,0,26.9,162.9,5314,1,2
7,18,-36.780168,-73.066062,0,39.6,22.9,-36.777725,-73.064106,0,187.4,112.7,221,1,2
5,12,-36.776333,-73.065587,0,185.7,189.8,-36.776755,-73.067739,0,198.6,164.7,19,1,2
2,21,-36.775963,-73.065959,0,35.0,349.3,-36.776491,-73.066314,0,136.5,239.6,0,1,2
6,18,-36.778685,-73.063352,0,149.6,111.3,-36.776744,-73.066264,0,191.1,266.4,5408,1,2
4,17,-36.776005,-73.066528,0,75.4,328.1,-36.778196,-73.068548,0,104.8,16.1,396,1,2
1,11,-36.779750,-73.066501,0,66.4,167.2,-36.775707,-73.064497,0,3.7,0.6,452,1,2
3,11,-36.780395,-73.066470,0,121.7,143.5,-36.776033,-73.066077,0,61.1,181.8,5631,1,2
6,20,-36.778504,-73.065847,0,177.8,159.6,-36.777761,-73.065076,0,236.6,89.2,37,1,2
9,16,-36.778266,-73.062364,0,166.0,258.6,-36.776131,-73.066505,0,21,275,5395,1,2
4,18,-36.779406,-73.065187,0,45.6,323.6,-36.776343,-73.063887,0,55.2,197.6,368,1,2
10,12,-36.778819,-73.066072,0,69.7,264.7,-36.776195,-73.06722,0,45.1,119.7,5503,1,2
3,20,-36.780013,-73.064802,0,196.3,308.3,-36.776745,-73.06756,0,298.2,50.1,5566,1,2
3,15,-36.779672,-73.064305,0,263.2,142.2,-36.780271,-73.06421,0,208.8,19.2,53,1,2
10,17,-36.775927,-73.066458,0,258.4,87.7,-36.775603,-73.066467,0,11.1,337.6,0,1,2
6,15,-36.776211,-73.066216,0,282.4,34.9,-36.776053,-73.064384,0,285.7,94.3,5382,1,2
6,14,-36.778873,-73.062949,0,190.7,283.7,-36.7797,-73.065365,0,170.6,29,178,1,2
8,21,-36.778211,-73.062532,0,253.1,147.0,-36.77742,-73.066872,0,68.3,324,5363,1,2
10,17,-36.776895,-73.062947,0,160.5,86.1,-36.77747,-73.066093,0,119.7,15.4,5383,1,2
9,17,-36.776038,-73.065684,0,211.3,329.1,-36.779927,-73.064007,0,27.2,220.9,5537,1,2
10,17,-36.780791,-73.064873,0,249.6,299.4,-36.777244,-73.068428,0,50.8,253.1,5600,1,2
6,17,-36.780519,-73.065655,0,72.6,33.7,-36.778052,-73.066381,0,15.9,198.1,5600,1,2
6,18,-36.777360,-73.066131,0,24.4,274.6,-36.776572,-73.068499,0,11.7,199.1,342,1,2
6,15,-36.780244,-73.066538,0,20.2,158.4,-36.77972,-73.066017,0,266.7,195.9,32,1,2
8,18,-36.780332,-73.062612,0,97.3,17.0,-36.778926,-73.066278,0,296.3,150.1,101,1,2
3,12,-36.778131,-73.064187,0,151.5,354.5,-36.777552,-73.06635,0,238.6,82.9,5386,1,2
10,16,-36.778067,-73.065063,0,274.6,79.6,-36.777188,-73.068041,0,298.4,47.1,5405,1,2
3,11,-36.779682,-73.064585,0,120.1,211.2,-36.775811,-73.064796,0,245.7,118,5527,1,2
8,18,-36.777008,-73.063132,0,225.3,75.9,-36.780355,-73.066972,0,204.6,316.8,435,1,2
5,21,-36.777781,-73.064633,0,174.9,293.9,-36.779319,-73.065965,0,190,204.7,105,1,2
1,15,-36.779420,-73.063511,0,188.0,5.6,-36.77837,-73.065175,0,61.2,93.6,23,1,2
4,16,-36.778835,-73.064975,0,174.0,293.1,-36.777208,-73.064768,0,184.1,80.4,52,1,2
6,20,-36.780155,-73.062978,0,68.2,79.9,-36.779892,-73.066118,0,188.1,278,117,1,2
7,17,-36.778466,-73.065531,0,53.1,290.9,-36.777643,-73.068549,0,276.4,244.5,5424,1,2
8,17,-36.777122,-73.063076,0,79.8,174.9,-36.779004,-73.067308,0,283.2,272.6,5410,1,2
4,14,-36.777631,-73.062835,0,211.9,354.1,-36.776771,-73.066208,0,199.8,155,5441,1,2
5,17,-36.776452,-73.065876,0,252.2,336.9,-36.777902,-73.064198,0,237.1,282.9,5413,1,2
3,13,-36.776763,-73.065950,0,243.8,168.9,-36.779692,-73.065588,0,67,41,5574,1,2
10,12,-36.777162,-73.065531,0,228.3,197.5,-36.779996,-73.06435,0,222.8,1.9,5558,1,2
8,15,-36.777673,-73.064007,0,149.5,145.6,-36.780147,-73.067262,0,23.4,306.7,227,1,2
7,15,-36.780562,-73.064388,0,109.8,115.3,-36.779213,-73.066571,0,132.4,322.3,35,1,2
8,20,-36.778683,-73.062482,0,203.1,158.5,-36.779807,-73.064793,0,181.5,115,216,1,2
7,13,-36.779803,-73.064698,0,278.7,354.7,-36.777089,-73.064372,0,87.6,168.4,299,1,2
6,21,-36.777001,-73.063374,0,91.9,284.4,-36.779565,-73.06661,0,153.1,88.1,374,1,2
4,14,-36.779444,-73.063362,0,235.8,325.0,-36.779093,-73.065217,0,283.1,15.4,34,1,2
3,20,-36.779929,-73.064935,0,152.1,294.0,-36.777759,-73.065127,0,33.5,289.1,142,1,2
7,19,-36.777401,-73.065104,0,202.0,338.6,-36.777965,-73.064957,0,108.4,331.4,11,1,2
2,18,-36.776141,-73.064630,0,99.8,167.7,-36.776565,-73.067174,0,202.3,319.2,5378,1,2
6,18,-36.776126,-73.064744,0,217.3,330.8,-36.779099,-73.065755,0,19.1,126.6,349,1,2
9,18,-36.777758,-73.065988,0,15.1,359.6,-36.77943,-73.068585,0,275.4,342.3,0,1,2
10,14,-36.778811,-73.065653,0,56.9,271.9,-36.776166,-73.068288,0,268.3,56.4,5460,1,2
1,21,-36.779463,-73.065372,0,227.9,354.3,-36.777915,-73.064845,0,272.6,16.3,100,1,2
5,20,-36.776639,-73.064546,0,44.0,161.4,-36.779908,-73.067718,0,184,306.4,5418,1,2
3,14,-36.780523,-73.064274,0,239.4,126.9,-36.776735,-73.064521,0,156.3,115.7,385,1,2
9,16,-36.776111,-73.063572,0,134.6,243.9,-36.776607,-73.066567,0,75.3,222.2,5383,1,2
6,11,-36.779772,-73.066072,0,284.9,82.7,-36.776444,-73.0673,0,234.6,145.9,5574,1,2
7,21,-36.777186,-73.063441,0,159.4,31.4,-36.779906,-73.065872,0,218.2,176.3,373,1,2
3,18,-36.780832,-73.063317,0,223.0,314.9,-36.776337,-73.068209,0,216.4,103.5,5674,1,2
6,20,-36.780743,-73.064028,0,234.3,129.0,-36.775508,-73.065679,0,15.7,185.5,5630,1,2
6,19,-36.776092,-73.066269,0,238.4,81.2,-36.779953,-73.068461,0,26,29.4,396,1,2
10,16,-36.778122,-73.063916,0,77.8,138.9,-36.777985,-73.065786,0,231.7,326.8,32,1,2
9,21,-36.776062,-73.063361,0,273.1,219.2,-36.778463,-73.066981,0,252.5,34.8,5352,1,2
2,21,-36.777279,-73.063244,0,40.4,103.3,-36.775457,-73.066757,0,53.2,198.7,5474,1,2
10,14,-36.777055,-73.063895,0,176.6,34.3,-36.7803,-73.067714,0,266.4,6.6,401,1,2
6,12,-36.779152,-73.065477,0,43.8,130.1,-36.780422,-73.065567,0,205.8,9.7,105,1,2
9,15,-36.776866,-73.064300,0,76.0,281.2,-36.77803,-73.066455,0,241.3,279.8,5430,1,2
8,11,-36.778541,-73.066489,0,135.8,174.2,-36.777257,-73.066278,0,79.9,83.6,0,1,2
5,21,-36.780714,-73.064233,0,149.4,25.0,-36.778885,-73.067365,0,159.9,132.7,5594,1,2
4,20,-36.777846,-73.065807,0,263.7,321.0,-36.775771,-73.067254,0,163.7,13.2,5438,1,2
6,17,-36.776223,-73.064197,0,101.3,176.6,-36.779543,-73.064496,0,66.2,299.2,358,1,2
6,21,-36.777692,-73.062822,0,200.2,301.6,-36.777282,-73.068093,0,151,49.9,5404,1,2
7,11,-36.776675,-73.062864,0,249.7,357.5,-36.778757,-73.066175,0,193.9,335.4,347,1,2
7,20,-36.778142,-73.063664,0,189.5,244.4,-36.775878,-73.068054,0,86,270.5,5403,1,2
8,18,-36.780442,-73.066063,0,265.6,118.0,-36.777516,-73.064451,0,186.7,115.3,219,1,2
1,14,-36.779960,-73.064044,0,2.6,159.5,-36.776777,-73.064537,0,164,89.6,315,1,2
4,20,-36.779351,-73.064296,0,247.6,186.5,-36.778854,-73.066248,0,52.2,297,23,1,2
10,13,-36.779142,-73.063870,0,79.3,284.2,-36.777211,-73.064209,0,240.5,231.2,197,1,2
4,14,-36.778366,-73.065353,0,265.6,165.8,-36.778055,-73.067614,0,91.8,283.1,5415,1,2
10,21,-36.780825,-73.066434,0,203.5,64.2,-36.779149,-73.067494,0,67.2,191.8,5600,1,2
2,13,-36.776973,-73.065360,0,172.2,24.6,-36.77794,-73.067932,0,145.3,134,396,1,2
5,20,-36.776549,-73.064000,0,103.3,167.5,-36.779615,-73.067935,0,24.7,24.2,5388,1,2
4,13,-36.780670,-73.062539,0,137.3,212.7,-36.7774,-73.065343,0,17.8,147.1,282,1,2
8,21,-36.778273,-73.063133,0,135.8,198.1,-36.776627,-73.066394,0,2.3,222,5381,1,2
7,11,-36.778073,-73.065187,0,31.9,246.7,-36.779631,-73.067158,0,113.8,215.2,5405,1,2
2,20,-36.777584,-73.065382,0,201.1,14.3,-36.776657,-73.067195,0,209.5,125.1,5428,1,2
10,17,-36.775987,-73.064835,0,23.3,239.0,-36.776718,-73.068178,0,57.6,348.7,45,1,2
7,17,-36.777264,-73.065605,0,135.7,186.9,-36.77676,-73.066538,0,105.9,94.1,2,1,2
4,12,-36.776682,-73.066379,0,88.3,30.2,-36.780279,-73.06738,0,187.6,299,5631,1,2
6,14,-36.777865,-73.062894,0,37.9,103.4,-36.775888,-73.064494,0,190,137.8,126,1,2
3,12,-36.775924,-73.064515,0,27.5,134.6,-36.776221,-73.067166,0,266.1,163.1,5383,1,2
7,17,-36.778303,-73.063661,0,40.7,224.7,-36.779196,-73.066138,0,206.5,273.3,119,1,2
8,21,-36.777619,-73.065825,0,142.5,214.0,-36.776862,-73.064485,0,83.5,233.9,5423,1,2
7,14,-36.777647,-73.064389,0,134.1,173.1,-36.77988,-73.068619,0,138.7,156.9,5382,1,2
10,11,-36.775936,-73.066455,0,198.9,115.0,-36.777639,-73.066332,0,263.1,217.9,396,1,2
7,18,-36.778181,-73.065760,0,166.3,81.3,-36.77908,-73.068291,0,69,47.5,5415,1,2
9,15,-36.779097,-73.064184,0,55.9,63.6,-36.776781,-73.068075,0,190.6,296.9,5421,1,2
2,21,-36.779160,-73.064351,0,278.8,272.0,-36.776143,-73.066814,0,266.6,204.3,5473,1,2
4,12,-36.776240,-73.065540,0,129.7,44.6,-36.77539,-73.065662,0,254.9,115.5,8,1,2
1,13,-36.776963,-73.063474,0,16.6,36.6,-36.77563,-73.067472,0,242.9,68.6,5445,1,2
10,20,-36.776695,-73.066372,0,118.3,133.8,-36.780007,-73.06566,0,39.1,339.3,5599,1,2
9,11,-36.778349,-73.063865,0,62.1,42.9,-36.778644,-73.067439,0,274,343.1,5385,1,2
8,20,-36.778184,-73.066480,0,61.3,346.3,-36.778434,-73.067183,0,231.7,201.1,0,1,2
4,20,-36.779642,-73.064133,0,268.8,337.7,-36.775627,-73.068141,0,178.9,30.8,5526,1,2
7,18,-36.776866,-73.065190,0,281.8,313.1,-36.778855,-73.067685,0,258.6,54,5382,1,2
1,15,-36.778714,-73.064726,0,285.5,214.1,-36.777107,-73.064358,0,89.1,352.7,197,1,2
2,21,-36.778400,-73.064234,0,275.3,255.1,-36.778598,-73.067468,0,166.6,126.3,5397,1,2
7,19,-36.777699,-73.062739,0,208.7,179.8,-36.779262,-73.064797,0,280.2,356.4,249,1,2
8,16,-36.780101,-73.062947,0,212.7,130.4,-36.77957,-73.068357,0,220.1,287.8,5451,1,2
9,14,-36.775801,-73.065540,0,230.7,190.3,-36.779986,-73.066044,0,151.3,211.6,5599,1,2
5,14,-36.779542,-73.063432,0,299.8,131.8,-36.77821,-73.066106,0,21.9,206.1,5446,1,2
4,14,-36.777988,-73.065344,0,77.7,133.4,-36.778566,-73.064003,0,152.6,333.9,9,1,2
2,11,-36.775887,-73.064838,0,67.2,174.0,-36.778052,-73.067218,0,112.5,292.7,396,1,2
6,18,-36.778675,-73.065872,0,187.1,24.2,-36.779723,-73.064641,0,10.9,284.6,46,1,2
2,12,-36.779613,-73.063632,0,290.5,183.1,-36.775532,-73.065113,0,175.7,131.7,5492,1,2
5,13,-36.776899,-73.065868,0,15.8,76.8,-36.780095,-73.06687,0,215.8,209.2,5631,1,2
2,15,-36.776193,-73.063360,0,267.6,336.4,-36.780227,-73.067243,0,34.2,100.3,484,1,2
4,17,-36.777471,-73.062555,0,248.6,54.6,-36.777031,-73.068605,0,271.1,249.1,5414,1,2
2,20,-36.778473,-73.065705,0,242.6,85.1,-36.77922,-73.064326,0,10.5,177.9,20,1,2
7,21,-36.778891,-73.064607,0,165.9,151.2,-36.778161,-73.06705,0,128.2,39.3,5426,1,2
1,11,-36.780653,-73.064922,0,56.8,122.5,-36.776256,-73.066964,0,82.3,40.5,5631,1,2
5,19,-36.776888,-73.063152,0,6.3,60.3,-36.776396,-73.064064,0,2.6,217,14,1,2
5,16,-36.780364,-73.063694,0,58.6,192.8,-36.780231,-73.067459,0,154.5,163.6,82,1,2
1,20,-36.778328,-73.064959,0,224.2,321.3,-36.777692,-73.066895,0,71,224.2,5409,1,2
9,20,-36.776508,-73.066305,0,126.6,357.9,-36.775553,-73.066507,0,294.4,229.9,1,1,2
5,17,-36.780168,-73.064806,0,171.2,199.9,-36.775799,-73.065939,0,113.2,19.2,5579,1,2
6,17,-36.777553,-73.066424,0,42.8,357.0,-36.779362,-73.064434,0,138.7,312.7,5466,1,2
9,21,-36.777695,-73.065969,0,93.3,155.0,-36.778973,-73.064257,0,19.3,355.8,5423,1,2
3,11,-36.776200,-73.065034,0,153.0,145.2,-36.777352,-73.067849,0,143.5,206.6,396,1,2
7,20,-36.777053,-73.062871,0,161.8,95.5,-36.777753,-73.065469,0,148.9,214.1,242,1,2
10,14,-36.777542,-73.066224,0,2.1,191.2,-36.780174,-73.067705,0,226.4,193.2,0,1,2
9,16,-36.776250,-73.063244,0,107.0,316.2,-36.776985,-73.067498,0,16.5,19.8,5352,1,2
7,21,-36.780909,-73.062861,0,137.9,171.1,-36.778293,-73.06841,0,206,82.2,5675,1,2
8,20,-36.776551,-73.064120,0,203.1,340.3,-36.778148,-73.067217,0,151.3,103,5393,1,2
2,19,-36.778881,-73.063052,0,25.2,82.5,-36.77596,-73.06597,0,286.3,196.3,5397,1,2
1,12,-36.780728,-73.063412,0,63.9,265.8,-36.779335,-73.064493,0,245,85,205,1,2
8,14,-36.776814,-73.065492,0,238.9,90.3,-36.779105,-73.066945,0,105.6,248.4,396,1,2
3,21,-36.777645,-73.065097,0,272.4,45.1,-36.778393,-73.068275,0,186.2,246,5395,1,2
7,14,-36.778769,-73.064258,0,62.8,91.4,-36.775574,-73.064129,0,120.3,356.2,297,1,2
9,16,-36.776261,-73.065854,0,112.5,160.1,-36.779283,-73.067047,0,163.9,218.1,396,1,2
4,16,-36.779258,-73.063575,0,74.6,119.1,-36.779209,-73.06429,0,204.3,138.2,21,1,2
2,14,-36.775884,-73.063578,0,130.1,174.8,-36.779409,-73.065554,0,293.9,341.6,380,1,2
5,13,-36.776775,-73.063867,0,266.8,252.2,-36.778644,-73.0657,0,213.5,72,270,1,2
4,12,-36.780352,-73.062721,0,191.8,308.4,-36.778941,-73.067112,0,261.6,119.4,5441,1,2
6,15,-36.776973,-73.063524,0,123.1,188.5,-36.776043,-73.068194,0,239,245.6,5432,1,2
8,18,-36.776527,-73.064321,0,265.0,172.8,-36.778076,-73.065843,0,0.9,158.8,251,1,2
10,16,-36.779423,-73.062464,0,144.1,148.3,-36.778269,-73.065847,0,155.4,304.1,225,1,2
1,16,-36.776337,-73.064911,0,129.8,298.8,-36.778076,-73.065552,0,36.8,110.6,5443,1,2
8,17,-36.780024,-73.065199,0,277.3,283.8,-36.77773,-73.067588,0,209.1,59.2,5548,1,2
2,13,-36.776777,-73.063411,0,270.3,81.6,-36.779348,-73.067152,0,161.9,273.2,5389,1,2
1,11,-36.776763,-73.064406,0,257.6,315.5,-36.779889,-73.065991,0,287.9,325.9,378,1,2
3,15,-36.776770,-73.065672,0,159.8,328.0,-36.7756,-73.068041,0,95.2,108.8,14,1,2
3,15,-36.775809,-73.065347,0,297.8,88.6,-36.777488,-73.06606,0,196.4,263.3,396,1,2
3,21,-36.780209,-73.064796,0,58.7,206.6,-36.77647,-73.064399,0,79.8,273.2,405,1,2
7,11,-36.777352,-73.064921,0,246.5,341.0,-36.77667,-73.06731,0,155.5,121.1,5409,1,2
4,19,-36.779718,-73.065885,0,203.9,106.0,-36.778604,-73.065934,0,108.8,296.9,104,1,2
6,16,-36.777154,-73.063176,0,193.1,322.2,-36.776089,-73.064726,0,46.9,2.9,47,1,2
9,15,-36.778772,-73.062751,0,103.8,248.9,-36.777163,-73.068618,0,80,183.5,5360,1,2
3,14,-36.780376,-73.063991,0,63.4,158.5,-36.779549,-73.064833,0,83,55.4,48,1,2
4,13,-36.777525,-73.062936,0,26.1,70.3,-36.780076,-73.064219,0,249.8,53.4,320,1,2
8,13,-36.780595,-73.064458,0,74.2,238.2,-36.779649,-73.068552,0,164.9,141,5590,1,2
5,21,-36.779496,-73.064364,0,175.9,131.9,-36.775372,-73.064924,0,82.4,174.7,5508,1,2
8,20,-36.779739,-73.066337,0,105.6,227.0,-36.778391,-73.064865,0,174.8,291.6,140,1,2
4,17,-36.780293,-73.062598,0,141.5,251.4,-36.778937,-73.064371,0,68.6,231.6,175,1,2
5,14,-36.777887,-73.063814,0,68.6,222.2,-36.776328,-73.064447,0,160.3,231,225,1,2
5,12,-36.778278,-73.064094,0,121.4,151.4,-36.77844,-73.066724,0,240.5,202.1,5390,1,2
5,12,-36.777724,-73.065565,0,286.0,103.2,-36.777313,-73.066773,0,117.5,351.2,5404,1,2
1,16,-36.776941,-73.064303,0,9.5,343.4,-36.775469,-73.068606,0,239.5,224.3,5490,1,2
4,13,-36.776416,-73.065428,0,237.2,171.6,-36.778443,-73.067128,0,156.8,50.8,396,1,2
3,17,-36.776421,-73.064465,0,3.8,111.6,-36.778417,-73.067749,0,77.6,195.4,5393,1,2
8,17,-36.775978,-73.064911,0,17.6,61.7,-36.77995,-73.067999,0,84.7,96.3,396,1,2
2,14,-36.779117,-73.064475,0,226.7,119.7,-36.776771,-73.065249,0,251.8,151.7,5473,1,2
1,19,-36.779479,-73.065838,0,219.2,6.4,-36.775688,-73.066461,0,200.9,296.1,5563,1,2
5,21,-36.776093,-73.066295,0,199.9,10.3,-36.776774,-73.064118,0,67.8,3.5,5445,1,2
7,18,-36.778114,-73.063907,0,292.9,308.5,-36.778851,-73.066795,0,72.3,13.8,5382,1,2
9,18,-36.778689,-73.063611,0,158.5,272.9,-36.775156,-73.065539,0,272,105.8,5448,1,2
7,15,-36.777575,-73.063637,0,32.2,238.3,-36.775268,-73.065375,0,22.7,99.2,5432,1,2
2,16,-36.780112,-73.066445,0,108.0,317.6,-36.776911,-73.067584,0,64.5,89,5600,1,2
10,12,-36.778835,-73.063650,0,111.0,109.3,-36.777854,-73.066262,0,251.3,24,5396,1,2
7,16,-36.780528,-73.064547,0,239.7,358.0,-36.779613,-73.064233,0,149.4,19.8,90,1,2
5,19,-36.778628,-73.063906,0,181.7,99.9,-36.775821,-73.065472,0,77.7,270.7,5426,1,2
4,20,-36.780904,-73.064447,0,195.9,205.7,-36.777938,-73.066803,0,192.7,326.3,5600,1,2
3,20,-36.778063,-73.064072,0,263.4,323.5,-36.780161,-73.067917,0,103.5,320,5382,1,2
6,18,-36.778164,-73.065616,0,286.6,32.4,-36.775323,-73.064471,0,179.8,21.5,298,1,2
4,18,-36.779346,-73.066557,0,277.3,72.2,-36.779871,-73.066779,0,147.7,218.5,0,1,2
7,19,-36.776116,-73.063591,0,70.5,107.4,-36.77837,-73.067621,0,68.3,297.1,5352,1,2
2,14,-36.780698,-73.063652,0,196.4,197.0,-36.779585,-73.064638,0,204.5,195.8,154,1,2
1,21,-36.777224,-73.066484,0,47.2,195.8,-36.778754,-73.066075,0,281.6,92,5466,1,2
9,21,-36.776774,-73.062640,0,126.4,209.5,-36.777354,-73.066795,0,8.5,83.5,5352,1,2
1,15,-36.776350,-73.065536,0,116.8,97.7,-36.778696,-73.06796,0,213.7,48.3,396,1,2
3,12,-36.777383,-73.065890,0,72.3,351.0,-36.77854,-73.067814,0,238.7,256.5,0,1,2
5,20,-36.780808,-73.065910,0,28.3,358.6,-36.780066,-73.06473,0,276.3,199.6,52,1,2
9,18,-36.780077,-73.064904,0,162.7,155.0,-36.775849,-73.064149,0,161.4,240.2,432,1,2
6,18,-36.776117,-73.062436,0,203.3,29.5,-36.778549,-73.068497,0,182.4,132.4,5352,1,2
4,15,-36.776439,-73.064443,0,7.7,220.6,-36.777056,-73.064699,0,78.8,208.7,223,1,2
10,15,-36.779064,-73.065462,0,7.1,155.1,-36.779166,-73.063925,0,297.7,250.1,46,1,2
5,11,-36.779489,-73.063545,0,80.4,51.3,-36.777918,-73.064718,0,93.3,327.1,51,1,2
2,13,-36.778679,-73.064781,0,7.3,328.1,-36.776148,-73.06414,0,204.1,291.1,303,1,2
2,14,-36.776356,-73.062641,0,107.0,111.7,-36.777351,-73.068074,0,123.7,97.6,5352,1,2
9,15,-36.780853,-73.062829,0,148.1,331.1,-36.777604,-73.067832,0,184.7,37.8,5675,1,2
9,14,-36.777822,-73.066548,0,280.9,315.4,-36.778031,-73.067289,0,275.1,136.8,0,1,2
2,19,-36.778836,-73.065143,0,261.2,148.8,-36.778796,-73.06793,0,297.9,253.8,5439,1,2
4,16,-36.780093,-73.064374,0,14.3,233.1,-36.776836,-73.068453,0,76.7,135.9,5513,1,2
3,15,-36.778290,-73.065468,0,106.7,334.7,-36.779165,-73.06828,0,40.7,4,5414,1,2
7,21,-36.776461,-73.065820,0,91.7,314.5,-36.779784,-73.067371,0,8.4,61.5,396,1,2
9,19,-36.778843,-73.064998,0,64.2,157.1,-36.775604,-73.067339,0,194.4,112.4,5470,1,2
10,16,-36.779139,-73.063220,0,190.3,289.4,-36.77711,-73.067666,0,259.8,325.6,5394,1,2
10,18,-36.779218,-73.065924,0,5.7,30.8,-36.779037,-73.067111,0,165.6,64.5,5496,1,2
8,17,-36.779265,-73.065840,0,199.9,255.2,-36.779591,-73.065654,0,25.7,145.3,26,1,2
9,15,-36.777577,-73.065391,0,54.3,157.4,-36.778799,-73.067443,0,239.7,339.8,5402,1,2
8,15,-36.776836,-73.065678,0,65.8,281.9,-36.777828,-73.065881,0,182.3,351,396,1,2
6,19,-36.775930,-73.063523,0,127.3,25.8,-36.778677,-73.066927,0,187.7,85.9,5352,1,2
5,19,-36.780679,-73.066509,0,35.8,176.3,-36.779961,-73.064283,0,91.8,199.2,80,1,2
7,18,-36.776429,-73.065008,0,64.6,205.9,-36.779694,-73.065721,0,35.7,119.5,5583,1,2
10,16,-36.780489,-73.066265,0,55.5,103.5,-36.775977,-73.06796,0,245.4,266.7,5626,1,2
4,17,-36.777983,-73.064521,0,261.9,14.8,-36.779555,-73.067535,0,241.9,175.9,5391,1,2
10,12,-36.779574,-73.063332,0,272.5,86.6,-36.779341,-73.065369,0,89.2,217.8,50,1,2
7,17,-36.777447,-73.063002,0,34.4,343.4,-36.780011,-73.06702,0,203.3,235.7,396,1,2
6,12,-36.778624,-73.062505,0,102.1,249.2,-36.777392,-73.066351,0,29.3,92.1,5344,1,2
7,13,-36.780239,-73.064544,0,203.7,184.1,-36.776486,-73.068547,0,52.8,160.7,5524,1,2
6,21,-36.775896,-73.065340,0,242.4,18.2,-36.778171,-73.065811,0,66.3,254.9,5448,1,2
3,16,-36.779678,-73.063762,0,272.8,182.4,-36.777306,-73.066251,0,25.9,181.8,5472,1,2
4,16,-36.779086,-73.064828,0,94.5,133.8,-36.78013,-73.067597,0,114.5,186.3,5452,1,2
9,12,-36.780921,-73.065729,0,177.8,78.5,-36.777504,-73.067859,0,296,65.8,5600,1,2
1,18,-36.779450,-73.065208,0,44.0,30.1,-36.780241,-73.066267,0,293.9,132.5,96,1,2
2,14,-36.778802,-73.063723,0,4.5,60.6,-36.780401,-73.065615,0,258.9,340.8,202,1,2
8,14,-36.777161,-73.064799,0,39.2,40.3,-36.77911,-73.065574,0,100.8,174.4,101,1,2
2,11,-36.780059,-73.063607,0,22.0,293.9,-36.779409,-73.06592,0,116,234,56,1,2
6,12,-36.778021,-73.065982,0,295.5,77.1,-36.77823,-73.065189,0,122.6,104.6,5410,1,2
8,14,-36.779321,-73.062846,0,58.6,338.5,-36.776262,-73.064425,0,53.7,195.9,229,1,2
7,20,-36.776421,-73.062525,0,276.2,160.6,-36.775269,-73.067373,0,134.8,232.5,5423,1,2
10,11,-36.776399,-73.062603,0,240.4,228.7,-36.777737,-73.065159,0,188.9,288.7,284,1,2
8,19,-36.779880,-73.066196,0,101.5,316.8,-36.776552,-73.068144,0,245.9,252.1,5563,1,2
1,12,-36.780698,-73.063080,0,176.2,153.0,-36.777172,-73.065093,0,168,330.6,289,1,2
8,12,-36.780716,-73.062889,0,212.9,193.9,-36.779384,-73.068055,0,111.6,226.9,5675,1,2
7,11,-36.777694,-73.065642,0,73.7,330.4,-36.775792,-73.064224,0,114.2,104.5,289,1,2
6,14,-36.779154,-73.064383,0,34.4,260.9,-36.778314,-73.06436,0,156.8,120.3,45,1,2
9,16,-36.780502,-73.065796,0,144.7,16.9,-36.778564,-73.067182,0,191.5,342.2,5600,1,2
10,16,-36.775971,-73.064315,0,5.4,245.6,-36.779503,-73.065841,0,207.7,153,418,1,2
10,12,-36.776211,-73.064900,0,219.4,34.7,-36.778916,-73.064099,0,226.5,330.7,5445,1,2
2,17,-36.776780,-73.064874,0,177.3,265.9,-36.777696,-73.0651,0,49,120.2,186,1,2
7,15,-36.779040,-73.062578,0,175.8,36.9,-36.776739,-73.064452,0,229.4,80.4,161,1,2
9,15,-36.777724,-73.063302,0,240.3,198.4,-36.777922,-73.063867,0,103.6,1,130,1,2
2,18,-36.777865,-73.064629,0,60.1,256.5,-36.778782,-73.065365,0,106.6,299.6,51,1,2
5,20,-36.777300,-73.064182,0,258.4,324.7,-36.776215,-73.064508,0,237.4,341.2,96,1,2
8,12,-36.778667,-73.063159,0,64.0,57.4,-36.776698,-73.0644,0,43.2,244.2,182,1,2
6,16,-36.780552,-73.062737,0,271.3,39.3,-36.777121,-73.068169,0,84.3,194.9,5675,1,2
6,11,-36.780341,-73.063628,0,235.5,180.9,-36.78034,-73.067303,0,270.8,231.4,88,1,2
5,17,-36.776389,-73.062684,0,198.4,281.8,-36.777147,-73.066967,0,178.5,104.8,5352,1,2
9,13,-36.779526,-73.064689,0,71.4,33.5,-36.778033,-73.068189,0,48.9,266.3,5491,1,2
2,19,-36.779988,-73.064993,0,233.9,171.0,-36.776004,-73.067764,0,255.9,348.3,5579,1,2
5,15,-36.778440,-73.062807,0,114.8,18.4,-36.777314,-73.065359,0,1.5,101.5,89,1,2
3,11,-36.777174,-73.065791,0,112.0,54.8,-36.777089,-73.064469,0,43.8,151.2,5428,1,2
8,12,-36.776642,-73.062598,0,194.7,77.4,-36.77898,-73.067868,0,228.2,132.1,5352,1,2
5,19,-36.779214,-73.064567,0,203.3,35.7,-36.778635,-73.067455,0,187.9,91.2,5455,1,2
6,16,-36.780120,-73.063932,0,198.0,50.5,-36.778654,-73.065042,0,73,150.4,100,1,2
2,14,-36.778440,-73.064104,0,247.4,158.6,-36.77561,-73.066054,0,241.3,219.4,5426,1,2
5,14,-36.776718,-73.063427,0,73.5,197.2,-36.778988,-73.064598,0,0.8,208.2,286,1,2
8,17,-36.780628,-73.062430,0,275.3,120.8,-36.778299,-73.064469,0,285.5,272.9,198,1,2
5,21,-36.776197,-73.062476,0,87.9,217.6,-36.77747,-73.068067,0,7.4,244.5,5352,1,2
10,16,-36.775850,-73.062849,0,205.8,277.0,-36.779216,-73.065928,0,202,21.2,380,1,2
2,11,-36.778050,-73.062751,0,106.2,99.3,-36.780061,-73.067735,0,155.8,0.5,5371,1,2
1,17,-36.776033,-73.063338,0,34.4,304.0,-36.777306,-73.066457,0,208.4,325.3,5352,1,2
2,18,-36.776080,-73.063806,0,240.7,21.1,-36.77673,-73.065157,0,176.5,280.4,5383,1,2
9,17,-36.776473,-73.064948,0,273.5,139.2,-36.78014,-73.067101,0,34.4,68.9,419,1,2
3,21,-36.778975,-73.063004,0,130.3,290.0,-36.780266,-73.067184,0,24.4,332.4,234,1,2
4,14,-36.777001,-73.064358,0,134.4,113.4,-36.775421,-73.066157,0,295.4,238.8,5456,1,2
5,20,-36.778860,-73.062626,0,10.3,122.9,-36.780118,-73.064742,0,44,308,218,1,2
9,15,-36.776818,-73.066084,0,197.3,196.4,-36.775848,-73.064049,0,110.9,127,5382,1,2
8,18,-36.779089,-73.065788,0,30.4,239.6,-36.777725,-73.065958,0,123.2,40.8,5488,1,2
4,16,-36.776970,-73.063524,0,40.9,236.3,-36.775656,-73.067846,0,208.5,235,5449,1,2
10,14,-36.780349,-73.064902,0,62.3,323.4,-36.777733,-73.06429,0,114.3,1.4,186,1,2
7,11,-36.776768,-73.065128,0,170.3,96.0,-36.779313,-73.067594,0,83.8,354,396,1,2
1,14,-36.776153,-73.063698,0,120.5,247.7,-36.780194,-73.067386,0,73.6,157.5,484,1,2
2,19,-36.779313,-73.065663,0,92.4,59.8,-36.778919,-73.066226,0,193.4,34.3,0,1,2
6,13,-36.777029,-73.066424,0,131.3,220.5,-36.779004,-73.066338,0,126.7,7.3,5523,1,2
7,15,-36.776214,-73.064474,0,37.9,347.0,-36.777956,-73.067876,0,132.7,100.3,5352,1,2
4,15,-36.779402,-73.063084,0,43.9,189.6,-36.776077,-73.067828,0,241.2,320.6,5442,1,2
6,21,-36.779356,-73.063921,0,106.2,61.6,-36.777306,-73.065104,0,57.4,209.5,57,1,2
6,11,-36.777316,-73.066383,0,253.6,283.4,-36.778665,-73.065889,0,2,299.6,5450,1,2
1,18,-36.778957,-73.065596,0,10.5,219.8,-36.778476,-73.065685,0,121.6,337.5,41,1,2
4,17,-36.779043,-73.066333,0,216.4,210.1,-36.780192,-73.065939,0,14.3,81.6,90,1,2
9,17,-36.776233,-73.064005,0,201.5,104.9,-36.77674,-73.064284,0,287.6,116.1,62,1,2
6,12,-36.778732,-73.062544,0,197.7,26.8,-36.776948,-73.063951,0,211.3,348.5,126,1,2
3,12,-36.777733,-73.063368,0,61.1,356.2,-36.776161,-73.064568,0,191.9,305.4,112,1,2
2,12,-36.779585,-73.065845,0,24.0,306.2,-36.77774,-73.064403,0,168.7,289.2,161,1,2
1,14,-36.776133,-73.066178,0,130.1,285.0,-36.776559,-73.06496,0,282.2,200.2,5456,1,2
6,17,-36.780940,-73.063050,0,64.7,59.3,-36.776347,-73.067566,0,300,241.9,5701,1,2
5,21,-36.779429,-73.062679,0,1.2,204.8,-36.77541,-73.066555,0,38.4,169.4,5450,1,2
6,17,-36.778199,-73.065972,0,167.1,358.5,-36.77606,-73.066887,0,135.7,214.5,5450,1,2
4,15,-36.777880,-73.064931,0,192.5,159.4,-36.779335,-73.068359,0,34.4,314.9,5398,1,2
3,13,-36.779854,-73.064006,0,118.6,339.3,-36.779189,-73.064084,0,159.7,345.2,61,1,2
1,20,-36.777414,-73.065377,0,266.5,262.3,-36.777085,-73.065083,0,107.2,78,11,1,2
8,20,-36.778308,-73.062649,0,216.3,99.2,-36.777039,-73.066202,0,113,221,5375,1,2
10,20,-36.780510,-73.064260,0,79.6,341.3,-36.77681,-73.065896,0,0.6,177.1,5605,1,2
9,12,-36.778332,-73.063707,0,246.5,233.7,-36.776154,-73.0683,0,292.4,353.2,5386,1,2
3,17,-36.779482,-73.064606,0,102.7,135.3,-36.779048,-73.066434,0,117.8,133.4,0,1,2
9,19,-36.779657,-73.063137,0,227.3,174.0,-36.778339,-73.065345,0,221.3,31.5,33,1,2
7,21,-36.780444,-73.064309,0,212.2,90.9,-36.779225,-73.06521,0,93.3,323.6,72,1,2
4,17,-36.780937,-73.064704,0,33.3,111.7,-36.780162,-73.066963,0,266.4,207,0,1,2
5,18,-36.777387,-73.064447,0,125.2,172.1,-36.776529,-73.066468,0,149.6,337.7,5413,1,2
4,11,-36.780669,-73.065980,0,223.4,76.8,-36.775439,-73.065626,0,25.2,317.1,5634,1,2
8,19,-36.776840,-73.066109,0,53.4,3.6,-36.777049,-73.064285,0,279.2,334.3,5442,1,2
10,19,-36.778364,-73.064986,0,168.2,110.8,-36.776551,-73.068272,0,112.7,265.6,5398,1,2
5,17,-36.778953,-73.065786,0,223.3,243.4,-36.775572,-73.064018,0,136.8,129.6,358,1,2
10,11,-36.778154,-73.065262,0,230.0,60.1,-36.7759,-73.068389,0,295.9,196.2,5420,1,2
10,15,-36.780588,-73.063011,0,250.8,17.0,-36.775541,-73.067914,0,14,352.9,5725,1,2
9,19,-36.778059,-73.066514,0,275.8,190.4,-36.779969,-73.065244,0,155,37.4,5553,1,2
5,20,-36.777550,-73.063728,0,12.9,335.2,-36.775411,-73.065958,0,100.5,72.8,5424,1,2
5,19,-36.776293,-73.064661,0,5.7,33.2,-36.775295,-73.067329,0,298.1,115.9,5456,1,2
1,19,-36.777122,-73.063421,0,205.3,336.2,-36.776179,-73.067653,0,26.6,15.2,5450,1,2
7,16,-36.778281,-73.065846,0,96.2,342.1,-36.775641,-73.066385,0,109.7,66,5450,1,2
10,15,-36.776176,-73.064486,0,182.1,41.6,-36.779099,-73.066533,0,292.9,278.9,362,1,2
8,15,-36.776071,-73.062616,0,278.9,81.8,-36.779151,-73.067822,0,243.5,64.2,5352,1,2
5,11,-36.779834,-73.062828,0,92.9,236.9,-36.77952,-73.066679,0,161.8,71.6,122,1,2
5,21,-36.778663,-73.064460,0,4.8,315.5,-36.780258,-73.067614,0,234,88.7,188,1,2
1,17,-36.780948,-73.063838,0,44.1,202.0,-36.778072,-73.064874,0,255.7,47.5,225,1,2
9,20,-36.779196,-73.063139,0,253.4,280.6,-36.775845,-73.06641,0,145.2,234.2,5424,1,2
10,16,-36.777427,-73.065843,0,149.9,349.4,-36.77964,-73.064711,0,118.3,180.5,5497,1,2
8,17,-36.776307,-73.064240,0,86.5,107.8,-36.775429,-73.064124,0,132.4,93.5,0,1,2
4,17,-36.778333,-73.065776,0,205.0,301.0,-36.778131,-73.066088,0,89.4,22.4,5421,1,2
10,19,-36.778737,-73.062631,0,8.9,26.3,-36.779796,-73.063973,0,63.4,318.3,169,1,2
8,17,-36.780027,-73.062853,0,201.3,63.7,-36.779474,-73.066163,0,55.3,160,113,1,2
5,13,-36.777802,-73.065177,0,242.6,4.0,-36.777144,-73.064459,0,72.3,72.5,26,1,2
8,20,-36.779941,-73.063605,0,263.2,163.2,-36.780397,-73.066018,0,95.2,170.2,123,1,2
1,17,-36.776407,-73.064416,0,166.4,171.0,-36.778096,-73.068214,0,120.3,268,5390,1,2
7,11,-36.780691,-73.063060,0,245.6,9.3,-36.77557,-73.067922,0,12.5,289.5,5722,1,2
9,20,-36.780651,-73.064529,0,223.4,58.6,-36.779445,-73.064088,0,181.4,150.7,137,1,2
7,11,-36.778226,-73.065148,0,92.5,278.2,-36.776214,-73.065921,0,91.4,21.6,5440,1,2
9,15,-36.778379,-73.064049,0,41.4,37.0,-36.776873,-73.066412,0,208.9,106.7,5417,1,2
6,16,-36.780076,-73.066184,0,116.8,315.1,-36.775498,-73.066308,0,72.1,90.7,5603,1,2
4,18,-36.779385,-73.066021,0,39.4,341.4,-36.778092,-73.066782,0,133.7,155.2,5529,1,2
5,19,-36.777114,-73.063964,0,219.3,37.0,-36.775208,-73.067093,0,19.1,93.2,5489,1,2
10,12,-36.778519,-73.066361,0,58.2,228.7,-36.777262,-73.06548,0,4.2,95.6,5392,1,2
3,14,-36.776117,-73.062554,0,26.1,179.1,-36.779449,-73.065883,0,1.7,359.2,414,1,2
7,11,-36.779544,-73.064410,0,109.6,344.6,-36.778051,-73.064648,0,52.7,261.9,88,1,2
10,18,-36.776729,-73.065899,0,76.7,321.9,-36.777887,-73.067623,0,131.4,92.6,396,1,2
2,16,-36.779205,-73.065292,0,30.6,84.5,-36.777861,-73.06799,0,24.8,112.7,5481,1,2
9,16,-36.777685,-73.063715,0,33.9,263.0,-36.779937,-73.067209,0,49.1,247.1,344,1,2
6,18,-36.779760,-73.063777,0,60.2,194.4,-36.777854,-73.066254,0,179.4,235.1,5481,1,2
5,14,-36.779474,-73.064622,0,227.2,341.2,-36.779697,-73.065828,0,216.1,103.3,53,1,2
6,17,-36.780244,-73.064566,0,66.3,258.8,-36.778697,-73.06424,0,168.2,33,142,1,2
7,17,-36.776789,-73.064395,0,229.3,242.2,-36.778684,-73.065834,0,112,330,257,1,2
6,19,-36.780888,-73.064615,0,89.7,75.2,-36.778318,-73.065387,0,173.3,161.6,187,1,2
9,20,-36.778440,-73.064814,0,156.1,282.7,-36.777296,-73.067893,0,229.3,180,5410,1,2
5,12,-36.779976,-73.066139,0,79.2,228.3,-36.778177,-73.063877,0,181,30.7,186,1,2
2,15,-36.778468,-73.065725,0,186.9,100.4,-36.779413,-73.067353,0,79.5,14,5427,1,2
9,11,-36.780035,-73.064369,0,58.2,255.4,-36.776308,-73.064286,0,29,310.4,392,1,2
10,15,-36.775819,-73.063061,0,92.9,237.1,-36.776606,-73.067357,0,115.1,172.6,5377,1,2
5,15,-36.780073,-73.066474,0,133.5,292.0,-36.776053,-73.06702,0,192.3,61.8,5631,1,2
4,17,-36.777238,-73.064192,0,241.1,7.5,-36.77992,-73.065972,0,242.8,123.8,339,1,2
1,18,-36.779839,-73.063871,0,161.2,320.1,-36.779617,-73.06803,0,201.2,187,5492,1,2
8,21,-36.780115,-73.065563,0,174.3,75.9,-36.778902,-73.064328,0,55.7,304.2,149,1,2
3,15,-36.779531,-73.062680,0,70.3,112.3,-36.779596,-73.066601,0,65.9,254.2,146,1,2
4,19,-36.777275,-73.066194,0,252.5,267.6,-36.775366,-73.066424,0,185.5,129.3,415,1,2
3,21,-36.778200,-73.063910,0,181.2,329.5,-36.775937,-73.068202,0,39.6,156.4,5403,1,2
9,15,-36.778429,-73.064379,0,155.4,163.4,-36.778901,-73.064117,0,139.9,168,12,1,2
7,16,-36.778620,-73.065845,0,197.1,154.3,-36.778177,-73.064115,0,296.3,240.8,57,1,2
4,18,-36.776633,-73.065179,0,255.3,346.5,-36.777203,-73.06854,0,210.6,263,396,1,2
10,16,-36.775862,-73.063477,0,105.2,250.4,-36.775762,-73.066,0,143.1,216.3,5383,1,2
8,19,-36.780581,-73.064820,0,282.7,202.2,-36.777231,-73.063845,0,51.1,186.9,385,1,2
5,18,-36.776057,-73.063861,0,241.9,187.2,-36.779021,-73.066837,0,86.4,31.6,5352,1,2
7,18,-36.778961,-73.063010,0,157.3,233.1,-36.779124,-73.068332,0,118.4,31.8,5366,1,2
3,17,-36.778942,-73.062713,0,228.0,213.7,-36.775242,-73.066174,0,241,219.6,5400,1,2
3,17,-36.777871,-73.067054,0.0,7.3,260.1,-36.779782,-73.064231,0.0,124.6,323.6,5497,1,1
3,20,-36.776472,-73.065526,0.0,201.9,190.6,-36.775178,-73.064864,0.0,198.4,260.6,18,1,1
3,20,-36.775462,-73.065667,0.0,127.5,84.3,-36.77915,-73.068146,0.0,240.2,176.3,397,1,1
9,16,-36.777907,-73.066133,0.0,111.1,37.2,-36.776314,-73.065919,0.0,154.8,64.5,397,1,1
9,20,-36.776287,-73.067257,0.0,163.2,22.6,-36.775477,-73.065649,0.0,158.3,168.1,0,1,1
1,19,-36.778711,-73.065051,0.0,153.2,188.8,-36.777711,-73.065714,0.0,226.5,306.8,20,1,1
8,18,-36.780135,-73.064246,0.0,58.8,149.8,-36.777864,-73.064651,0.0,158.5,243.4,146,1,1
10,15,-36.778430,-73.066514,0.0,274.5,168.7,-36.775205,-73.064564,0.0,233.5,283.3,957,1,1
5,13,-36.779197,-73.065641,0.0,250.8,206.6,-36.776998,-73.065379,0.0,50.4,333.3,5525,1,1
1,16,-36.775319,-73.063972,0.0,124.2,102.4,-36.779101,-73.067554,0.0,278.3,206.1,5352,1,1
2,17,-36.776795,-73.066738,0.0,174.9,301.3,-36.77809,-73.064977,0.0,122,80.5,5430,1,1
9,17,-36.775759,-73.066141,0.0,101.0,283.9,-36.777901,-73.064769,0.0,225.3,220.9,5426,1,1
1,20,-36.776703,-73.066118,0.0,219.2,226.8,-36.779172,-73.066445,0.0,156.9,277,5527,1,1
7,20,-36.778757,-73.068078,0.0,291.3,58.0,-36.775708,-73.06798,0.0,229.5,192.1,398,1,1
10,12,-36.778264,-73.067614,0.0,162.9,310.4,-36.77676,-73.067039,0.0,148.4,127.1,392,1,1
10,21,-36.779622,-73.068139,0.0,10.6,200.9,-36.779034,-73.064161,0.0,38.2,70.9,5426,1,1
5,15,-36.779390,-73.065178,0.0,158.8,168.2,-36.778016,-73.06575,0.0,37.9,98.2,82,1,1
5,11,-36.775702,-73.065465,0.0,293.0,55.8,-36.776848,-73.064924,0.0,42.7,111.2,5413,1,1
6,15,-36.775779,-73.065340,0.0,281.6,187.4,-36.779795,-73.065754,0.0,162.7,211.2,5583,1,1
6,18,-36.776906,-73.066756,0.0,155.1,77.0,-36.775634,-73.064895,0.0,231,339.7,5,1,1
3,15,-36.776672,-73.066624,0.0,233.3,260.4,-36.779229,-73.065646,0.0,53.8,139.1,5527,1,1
3,20,-36.778958,-73.064848,0.0,19.9,248.0,-36.776569,-73.064425,0.0,196.9,215.9,269,1,1
8,19,-36.777068,-73.067779,0.0,229.5,279.1,-36.776044,-73.064912,0.0,23.9,299.2,397,1,1
7,16,-36.778974,-73.065472,0.0,61.0,348.8,-36.777831,-73.065199,0.0,45.7,68.4,63,1,1
2,17,-36.776492,-73.067291,0.0,201.8,19.3,-36.779801,-73.065345,0.0,26.5,128.2,5572,1,1
3,14,-36.779725,-73.065167,0.0,281.6,246.8,-36.776571,-73.065587,0.0,121.9,167.5,5562,1,1
7,18,-36.778838,-73.067786,0.0,2.7,170.3,-36.777666,-73.068427,0.0,215,304.8,0,1,1
3,13,-36.778018,-73.067763,0.0,18.5,153.9,-36.776827,-73.0655,0.0,228.4,261.3,397,1,1
8,12,-36.778315,-73.064342,0.0,276.3,294.7,-36.776229,-73.067149,0.0,130.9,212.6,5428,1,1
2,13,-36.778163,-73.068453,0.0,237.4,222.8,-36.776356,-73.066289,0.0,50,290.4,397,1,1
9,21,-36.778809,-73.068140,0.0,20.8,233.6,-36.779442,-73.06518,0.0,86.8,220.5,5497,1,1
7,12,-36.779394,-73.067543,0.0,188.0,119.6,-36.778562,-73.067832,0.0,80,170.6,0,1,1
4,13,-36.776806,-73.066289,0.0,173.5,343.1,-36.775484,-73.065788,0.0,281.7,10.3,0,1,1
9,13,-36.777622,-73.068167,0.0,249.2,43.3,-36.776782,-73.06526,0.0,257,306.6,397,1,1
1,15,-36.777797,-73.067861,0.0,149.7,221.2,-36.778735,-73.06673,0.0,287.5,172.9,0,1,1
1,17,-36.780287,-73.066994,0.0,4.9,339.3,-36.775504,-73.063992,0.0,277.2,300.6,484,1,1
10,15,-36.779464,-73.066795,0.0,194.7,283.3,-36.779287,-73.068291,0.0,241.6,196.2,5548,1,1
2,16,-36.778518,-73.067738,0.0,223.0,145.4,-36.777492,-73.064785,0.0,264.8,257.8,5387,1,1
8,20,-36.775208,-73.065522,0.0,223.0,23.1,-36.775858,-73.067832,0.0,260.7,151.7,24,1,1
8,16,-36.778116,-73.067520,0.0,248.2,7.4,-36.775953,-73.066444,0.0,174.3,98.4,397,1,1
1,12,-36.779117,-73.067622,0.0,296.5,272.7,-36.778293,-73.067507,0.0,95.1,262.5,0,1,1
10,16,-36.778532,-73.068515,0.0,253.8,89.3,-36.779941,-73.065032,0.0,108.6,71.7,5553,1,1
8,18,-36.776762,-73.068156,0.0,129.4,85.9,-36.777197,-73.064396,0.0,160.5,44.9,5360,1,1
3,16,-36.778866,-73.068409,0.0,114.0,45.5,-36.776596,-73.068354,0.0,264.5,30.7,344,1,1
4,13,-36.779259,-73.065461,0.0,110.2,241.4,-36.776222,-73.066795,0.0,115,257.7,5524,1,1
1,21,-36.778991,-73.067075,0.0,63.6,188.8,-36.776311,-73.066969,0.0,136.9,307.1,397,1,1
5,18,-36.779273,-73.065520,0.0,225.9,16.9,-36.776821,-73.064357,0.0,200.2,61.7,302,1,1
10,20,-36.777914,-73.066133,0.0,195.6,335.1,-36.776063,-73.066224,0.0,217.8,334.9,397,1,1
10,12,-36.778439,-73.068316,0.0,117.2,148.4,-36.775308,-73.066661,0.0,81.6,219.5,424,1,1
7,13,-36.775634,-73.064888,0.0,136.5,103.5,-36.775466,-73.065715,0.0,12.1,6.3,1,1,1
6,15,-36.776324,-73.067749,0.0,121.9,335.4,-36.77858,-73.066574,0.0,233.2,11.5,386,1,1
5,21,-36.777361,-73.066446,0.0,107.6,207.5,-36.775759,-73.065287,0.0,249.1,226.9,397,1,1
7,21,-36.776633,-73.063861,0.0,96.9,280.7,-36.775943,-73.064778,0.0,219,162,5422,1,1
7,11,-36.776718,-73.067057,0.0,1.7,95.1,-36.776177,-73.068182,0.0,218.6,348,14,1,1
4,18,-36.779691,-73.064923,0.0,189.4,61.6,-36.777954,-73.065498,0.0,154.8,57.3,112,1,1
10,15,-36.775523,-73.067555,0.0,26.8,242.1,-36.779548,-73.064835,0.0,80.4,341.3,5544,1,1
9,16,-36.775623,-73.065410,0.0,236.8,150.1,-36.775704,-73.067625,0.0,65.4,210.4,0,1,1
8,19,-36.776240,-73.064624,0.0,196.8,60.3,-36.777518,-73.064111,0.0,246.2,180.4,227,1,1
4,15,-36.775649,-73.067610,0.0,259.8,96.5,-36.778023,-73.06399,0.0,114.8,12,5417,1,1
2,12,-36.779240,-73.065640,0.0,27.8,137.6,-36.777141,-73.067661,0.0,60,192.9,5496,1,1
2,13,-36.779305,-73.064623,0.0,219.8,240.7,-36.778282,-73.065887,0.0,12.9,285.5,47,1,1
9,11,-36.778294,-73.066344,0.0,259.7,231.0,-36.777757,-73.06755,0.0,30,130.9,0,1,1
6,20,-36.778791,-73.066352,0.0,195.1,14.3,-36.776193,-73.068103,0.0,35.2,219.7,5496,1,1
8,15,-36.779640,-73.067889,0.0,88.1,72.3,-36.779653,-73.064751,0.0,188.2,5.8,5497,1,1
3,18,-36.777834,-73.066385,0.0,295.9,192.5,-36.776118,-73.068294,0.0,228,176.1,373,1,1
10,21,-36.775867,-73.064884,0.0,248.1,286.2,-36.777929,-73.066283,0.0,157.1,213.8,396,1,1
3,19,-36.777111,-73.067426,0.0,147.0,16.6,-36.775839,-73.067203,0.0,250.4,94.1,397,1,1
7,11,-36.775972,-73.064225,0.0,119.8,160.1,-36.775717,-73.067189,0.0,260.2,73.1,5383,1,1
6,19,-36.775686,-73.065393,0.0,90.3,293.6,-36.775399,-73.06527,0.0,100,306.7,3,1,1
1,21,-36.779252,-73.068048,0.0,169.1,81.6,-36.776506,-73.064547,0.0,226.3,193.8,5405,1,1
6,21,-36.775657,-73.064730,0.0,161.4,8.0,-36.776196,-73.065639,0.0,212.4,344.4,0,1,1
4,20,-36.776460,-73.064772,0.0,146.1,62.4,-36.775423,-73.065887,0.0,196.7,288.9,5448,1,1
9,15,-36.778891,-73.064799,0.0,209.8,343.9,-36.778546,-73.065098,0.0,59.4,286.5,15,1,1
9,13,-36.777586,-73.065468,0.0,122.2,57.9,-36.776821,-73.064739,0.0,56.2,198.9,194,1,1
6,16,-36.776821,-73.064561,0.0,32.7,21.1,-36.779096,-73.06542,0.0,241.4,50.5,274,1,1
3,20,-36.776940,-73.067892,0.0,92.5,92.7,-36.778532,-73.066079,0.0,60.9,193.6,5444,1,1
2,21,-36.775146,-73.064471,0.0,173.5,23.6,-36.775771,-73.064326,0.0,160,101.1,5942,1,1
10,14,-36.780400,-73.068086,0.0,10.3,292.0,-36.780193,-73.064219,0.0,172,204.9,5542,1,1
10,19,-36.778210,-73.068303,0.0,72.9,134.7,-36.776607,-73.06707,0.0,147,171.4,392,1,1
10,17,-36.777666,-73.067618,0.0,192.6,204.7,-36.777974,-73.068243,0.0,87.2,195.5,0,1,1
6,15,-36.776355,-73.067478,0.0,23.2,35.5,-36.776565,-73.06605,0.0,236.9,205.1,5,1,1
1,16,-36.775611,-73.066203,0.0,263.7,136.6,-36.775245,-73.063962,0.0,180.7,219.5,5382,1,1
4,15,-36.776300,-73.064725,0.0,227.4,236.6,-36.779205,-73.06526,0.0,204,142.1,324,1,1
5,16,-36.775796,-73.064800,0.0,129.7,291.9,-36.778154,-73.068554,0.0,148.6,12.1,396,1,1
5,21,-36.775874,-73.066297,0.0,251.3,57.0,-36.776515,-73.064492,0.0,220.3,252,5434,1,1
9,12,-36.775289,-73.063874,0.0,40.7,55.1,-36.778032,-73.06491,0.0,255,3.1,286,1,1
10,16,-36.777695,-73.067560,0.0,148.8,43.7,-36.77873,-73.068533,0.0,28.2,61.7,0,1,1
10,13,-36.775652,-73.067686,0.0,32.7,127.5,-36.775699,-73.065265,0.0,281.4,259.9,4,1,1
1,20,-36.779750,-73.067163,0.0,129.4,182.8,-36.778736,-73.065498,0.0,21.5,221.4,127,1,1
5,17,-36.780456,-73.067551,0.0,230.3,3.9,-36.777919,-73.065335,0.0,85.1,209.8,195,1,1
6,15,-36.779995,-73.064859,0.0,224.7,220.7,-36.779372,-73.067183,0.0,175.7,28.6,5546,1,1
5,21,-36.775531,-73.063866,0.0,136.1,190.2,-36.776636,-73.064949,0.0,156.7,64.7,81,1,1
2,11,-36.779107,-73.066148,0.0,127.7,325.1,-36.778881,-73.064868,0.0,297.1,39.9,62,1,1
3,21,-36.780167,-73.067949,0.0,265.8,99.7,-36.778056,-73.06808,0.0,42.5,85.4,0,1,1
1,19,-36.777379,-73.064965,0.0,53.5,121.3,-36.779019,-73.064415,0.0,170.5,5.8,45,1,1
6,17,-36.775498,-73.064627,0.0,179.1,84.2,-36.777351,-73.064802,0.0,149.7,132.5,5413,1,1
1,15,-36.778964,-73.068465,0.0,74.1,184.1,-36.776994,-73.066922,0.0,246.7,358.3,390,1,1
4,19,-36.775353,-73.068001,0.0,192.6,95.1,-36.778249,-73.064817,0.0,107,189.6,5476,1,1
10,18,-36.779296,-73.068011,0.0,268.9,10.3,-36.779397,-73.065652,0.0,159.5,320,5497,1,1
10,14,-36.780224,-73.067691,0.0,79.1,143.6,-36.775964,-73.068585,0.0,96.8,304.8,5594,1,1
3,16,-36.775492,-73.063930,0.0,230.2,294.8,-36.775343,-73.068116,0.0,115.9,228.7,5423,1,1
6,12,-36.779445,-73.066906,0.0,83.7,14.8,-36.777753,-73.06729,0.0,259.2,180.9,0,1,1
4,15,-36.779626,-73.066887,0.0,224.6,247.2,-36.779943,-73.068555,0.0,196.9,342.6,5568,1,1
7,16,-36.779059,-73.068057,0.0,50.0,275.1,-36.779081,-73.068186,0.0,60.6,274.3,0,1,1
10,20,-36.778935,-73.068193,0.0,238.6,219.1,-36.779468,-73.066793,0.0,139.5,134.8,5553,1,1
5,12,-36.779752,-73.064954,0.0,99.0,333.1,-36.77636,-73.067647,0.0,20.6,280.4,5550,1,1
8,12,-36.775599,-73.064412,0.0,81.5,108.8,-36.778336,-73.067016,0.0,170.8,88.4,5352,1,1
2,18,-36.777244,-73.065393,0.0,161.7,255.9,-36.777372,-73.068373,0.0,131.6,204.7,5391,1,1
1,16,-36.777106,-73.064910,0.0,142.1,111.7,-36.77914,-73.064464,0.0,91.4,47.4,62,1,1
7,20,-36.777827,-73.065601,0.0,6.1,342.9,-36.776622,-73.067902,0.0,139.9,42.1,5413,1,1
7,19,-36.777896,-73.066982,0.0,68.6,135.9,-36.777961,-73.067248,0.0,108.2,92.2,0,1,1
5,11,-36.776218,-73.068019,0.0,44.9,133.7,-36.777031,-73.065806,0.0,192.8,209.4,12,1,1
5,15,-36.776509,-73.066851,0.0,272.7,273.8,-36.775601,-73.064325,0.0,299.5,313.1,5382,1,1
3,21,-36.779140,-73.064599,0.0,247.8,40.7,-36.778372,-73.065853,0.0,272.9,357.5,24,1,1
4,14,-36.776515,-73.064824,0.0,33.7,144.9,-36.779721,-73.065333,0.0,23.5,332.7,356,1,1
3,17,-36.780269,-73.067304,0.0,237.5,17.6,-36.777386,-73.064937,0.0,51.6,316.1,214,1,1
8,20,-36.775660,-73.067080,0.0,72.0,246.9,-36.779458,-73.067579,0.0,25.6,185.7,396,1,1
8,14,-36.776237,-73.068562,0.0,235.4,161.8,-36.778181,-73.068295,0.0,90.4,195.2,347,1,1
10,17,-36.777618,-73.068235,0.0,153.1,318.0,-36.776498,-73.068392,0.0,15.5,62.9,346,1,1
1,21,-36.775723,-73.067388,0.0,45.1,21.3,-36.77538,-73.068161,0.0,210.3,279.5,40,1,1
7,11,-36.777597,-73.067345,0.0,221.6,11.5,-36.776967,-73.065129,0.0,224.7,126.4,5383,1,1
3,11,-36.779554,-73.066852,0.0,182.2,75.1,-36.777066,-73.066531,0.0,167.2,3.6,5574,1,1
7,14,-36.777837,-73.065399,0.0,231.4,343.0,-36.777349,-73.068163,0.0,170.9,76.9,5405,1,1
8,13,-36.778521,-73.068415,0.0,52.5,168.5,-36.779013,-73.065168,0.0,191.5,35.9,5458,1,1
6,16,-36.777593,-73.067091,0.0,143.2,214.1,-36.775629,-73.064553,0.0,156.7,303.6,5352,1,1
3,17,-36.780159,-73.064459,0.0,251.9,45.0,-36.775615,-73.066061,0.0,155.2,115.3,5579,1,1
3,20,-36.778022,-73.065336,0.0,293.0,27.9,-36.779974,-73.065661,0.0,185.7,334.1,163,1,1
10,13,-36.778933,-73.067295,0.0,162.6,300.6,-36.775688,-73.06582,0.0,72.3,252.5,397,1,1
4,15,-36.775742,-73.068352,0.0,166.8,99.3,-36.77771,-73.064702,0.0,159.1,140.6,5418,1,1
7,13,-36.775281,-73.066728,0.0,103.1,198.7,-36.776652,-73.066445,0.0,37.3,239.5,31,1,1
10,16,-36.779847,-73.065950,0.0,248.7,318.1,-36.778179,-73.067107,0.0,188.9,314.3,5548,1,1
6,17,-36.777059,-73.065290,0.0,176.2,359.4,-36.776651,-73.066727,0.0,195.2,98.4,5413,1,1
6,15,-36.777941,-73.067725,0.0,260.5,249.7,-36.776182,-73.066135,0.0,265.1,172.2,397,1,1
10,20,-36.777321,-73.063980,0.0,41.7,220.7,-36.777759,-73.065438,0.0,175.9,32.3,173,1,1
8,16,-36.778816,-73.065678,0.0,210.2,236.1,-36.776856,-73.065318,0.0,128.2,175.7,5488,1,1
2,18,-36.779458,-73.067541,0.0,35.3,52.7,-36.779949,-73.063967,0.0,225.9,107.7,5508,1,1
10,13,-36.776950,-73.068176,0.0,277.2,287.3,-36.775329,-73.068209,0.0,3.9,104.2,436,1,1
10,20,-36.778979,-73.064503,0.0,62.8,273.1,-36.779247,-73.0681,0.0,128.1,314.2,5431,1,1
3,21,-36.778691,-73.066328,0.0,225.6,235.4,-36.779142,-73.066646,0.0,265.1,137,0,1,1
2,12,-36.776190,-73.068328,0.0,253.9,322.2,-36.778416,-73.067572,0.0,217.1,37.5,365,1,1
6,12,-36.778460,-73.063865,0.0,86.4,219.9,-36.780379,-73.064459,0.0,120.3,327.8,180,1,1
4,17,-36.780024,-73.068115,0.0,68.2,39.0,-36.776412,-73.065752,0.0,92.6,52.7,397,1,1
8,13,-36.778388,-73.068268,0.0,216.4,349.0,-36.776932,-73.063881,0.0,22.3,268,5422,1,1
6,21,-36.779871,-73.066303,0.0,241.7,310.7,-36.779894,-73.068227,0.0,104.4,131.7,5568,1,1
7,21,-36.778563,-73.065027,0.0,237.6,72.0,-36.778252,-73.067957,0.0,113.9,319.5,5419,1,1
8,21,-36.779932,-73.066268,0.0,83.3,271.5,-36.777139,-73.063916,0.0,74.3,214.9,359,1,1
4,12,-36.778733,-73.064764,0.0,217.3,107.0,-36.778355,-73.068454,0.0,33.9,85.9,5419,1,1
4,18,-36.776346,-73.064368,0.0,295.3,105.8,-36.779169,-73.067496,0.0,218,40,5352,1,1
5,20,-36.778422,-73.064017,0.0,235.1,188.7,-36.779806,-73.067678,0.0,125,12.5,5391,1,1
2,18,-36.775887,-73.067404,0.0,166.5,270.0,-36.778231,-73.066898,0.0,117.3,100.4,396,1,1
3,20,-36.776844,-73.066872,0.0,44.6,236.7,-36.78033,-73.064478,0.0,62.2,339.5,5592,1,1
4,19,-36.778034,-73.066130,0.0,182.5,208.9,-36.778261,-73.064652,0.0,231.2,64.7,5403,1,1
2,13,-36.779048,-73.067142,0.0,102.7,300.7,-36.778556,-73.06608,0.0,172,30.4,5446,1,1
2,17,-36.776984,-73.064859,0.0,216.2,312.9,-36.777612,-73.066913,0.0,245.5,196.5,5382,1,1
3,14,-36.779947,-73.066559,0.0,159.1,285.4,-36.777472,-73.064958,0.0,269.6,117.8,178,1,1
10,15,-36.776276,-73.065144,0.0,281.0,65.0,-36.777245,-73.065666,0.0,293.3,135.3,4,1,1
3,17,-36.777006,-73.064608,0.0,165.4,331.1,-36.778991,-73.064172,0.0,189.3,348.3,199,1,1
9,21,-36.775467,-73.066277,0.0,15.6,118.7,-36.778255,-73.064462,0.0,284.8,305.7,5438,1,1
8,21,-36.779859,-73.066023,0.0,32.5,252.3,-36.778082,-73.065538,0.0,270.4,188.1,136,1,1
2,13,-36.775449,-73.068146,0.0,53.7,105.6,-36.779968,-73.064218,0.0,99,13.3,5582,1,1
10,17,-36.777059,-73.067625,0.0,194.5,205.8,-36.778651,-73.06624,0.0,215.4,98.8,5462,1,1
9,15,-36.775838,-73.066413,0.0,235.2,214.7,-36.779266,-73.064337,0.0,297.3,249.3,5483,1,1
9,16,-36.778249,-73.067215,0.0,186.2,187.6,-36.778472,-73.066032,0.0,126.3,204.9,5436,1,1
9,14,-36.779016,-73.065111,0.0,50.0,300.3,-36.777454,-73.066559,0.0,242.1,200.7,5456,1,1
7,18,-36.776937,-73.065171,0.0,31.0,124.1,-36.779481,-73.06421,0.0,42.1,253.9,87,1,1
3,17,-36.776571,-73.068091,0.0,18.8,21.5,-36.779669,-73.068107,0.0,159.5,122.2,361,1,1
7,20,-36.776693,-73.063845,0.0,231.6,279.8,-36.776249,-73.064224,0.0,106.2,263.2,30,1,1
7,11,-36.778816,-73.068610,0.0,207.0,257.2,-36.780275,-73.065827,0.0,275.8,170.1,5601,1,1
10,20,-36.775412,-73.066738,0.0,138.0,290.1,-36.778402,-73.066878,0.0,153.5,45.8,414,1,1
5,17,-36.777478,-73.064099,0.0,228.5,308.9,-36.777194,-73.065877,0.0,247.1,348.6,5399,1,1
1,18,-36.778105,-73.068572,0.0,220.7,289.9,-36.776867,-73.066768,0.0,90.2,146.3,392,1,1
5,17,-36.776176,-73.065654,0.0,2.8,55.5,-36.780168,-73.067238,0.0,264.5,28.3,5631,1,1
5,11,-36.777728,-73.067937,0.0,20.3,82.5,-36.776917,-73.064584,0.0,63.5,73.3,5414,1,1
8,21,-36.777823,-73.065219,0.0,293.7,130.6,-36.776768,-73.065652,0.0,152.6,303.3,5433,1,1
7,18,-36.776222,-73.064449,0.0,294.8,17.8,-36.775667,-73.068027,0.0,270.2,234.9,5390,1,1
8,14,-36.775305,-73.066060,0.0,272.0,279.7,-36.775713,-73.067952,0.0,158,72.9,19,1,1
4,21,-36.777631,-73.065449,0.0,206.6,329.4,-36.776913,-73.068259,0.0,202.2,148.4,5402,1,1
6,11,-36.777826,-73.064906,0.0,132.6,315.9,-36.777191,-73.067903,0.0,165.8,261.8,5395,1,1
9,20,-36.778101,-73.065778,0.0,216.0,283.5,-36.778576,-73.063888,0.0,180.3,303.1,21,1,1
7,17,-36.775556,-73.068100,0.0,229.8,193.3,-36.776273,-73.06463,0.0,246.2,233.8,5402,1,1
3,16,-36.777437,-73.066300,0.0,92.4,28.7,-36.776752,-73.067355,0.0,293,246,385,1,1
4,11,-36.775761,-73.067772,0.0,52.8,328.9,-36.776488,-73.064457,0.0,279.3,76.3,5430,1,1
10,11,-36.775833,-73.066658,0.0,68.0,274.8,-36.776547,-73.06847,0.0,180.1,185.1,55,1,1
6,15,-36.777873,-73.066894,0.0,188.9,38.2,-36.779611,-73.066586,0.0,270.9,28.5,5553,1,1
4,19,-36.779376,-73.067551,0.0,120.2,212.4,-36.777972,-73.066089,0.0,226.2,290.6,0,1,1
4,15,-36.776116,-73.063870,0.0,224.3,2.3,-36.776543,-73.064756,0.0,51,298.5,65,1,1
9,11,-36.779391,-73.066021,0.0,121.6,55.8,-36.775924,-73.064582,0.0,113.1,18.5,414,1,1
7,11,-36.776093,-73.065842,0.0,252.7,73.0,-36.77708,-73.067711,0.0,266.6,190.9,396,1,1
9,13,-36.779293,-73.068435,0.0,93.4,224.9,-36.779677,-73.067543,0.0,148.1,84.6,0,1,1
8,15,-36.779536,-73.064729,0.0,31.1,144.3,-36.77809,-73.068004,0.0,59.7,306.3,5496,1,1
10,21,-36.776302,-73.065539,0.0,287.9,101.7,-36.77992,-73.068356,0.0,271.7,150,396,1,1
9,13,-36.780033,-73.066537,0.0,273.1,178.9,-36.780166,-73.066824,0.0,87.1,210,0,1,1
7,18,-36.777022,-73.064347,0.0,118.2,267.7,-36.776159,-73.065465,0.0,260.3,316.1,5444,1,1
4,15,-36.777497,-73.064444,0.0,163.0,37.5,-36.779425,-73.064759,0.0,25.8,157,102,1,1
3,16,-36.780386,-73.064920,0.0,206.3,165.2,-36.77654,-73.063877,0.0,119.3,295.5,421,1,1
9,19,-36.779112,-73.064692,0.0,137.0,50.4,-36.779181,-73.064818,0.0,241.5,74.1,12,1,1
8,11,-36.776861,-73.067318,0.0,8.3,258.8,-36.776991,-73.066807,0.0,261,14.1,7,1,1
5,20,-36.780153,-73.068193,0.0,184.9,264.5,-36.778392,-73.064306,0.0,43.8,128.3,5402,1,1
4,15,-36.778752,-73.068476,0.0,159.6,160.6,-36.777949,-73.066308,0.0,46.7,307.3,0,1,1
8,14,-36.777625,-73.068148,0.0,209.9,243.5,-36.779922,-73.067278,0.0,114.3,233.4,5601,1,1
6,11,-36.777071,-73.065526,0.0,199.3,334.8,-36.779198,-73.066422,0.0,55.2,243.7,5527,1,1
9,12,-36.779348,-73.065694,0.0,250.3,113.6,-36.775191,-73.067488,0.0,177.9,315.6,5567,1,1
3,11,-36.778302,-73.067777,0.0,54.6,12.2,-36.775365,-73.065785,0.0,275.9,110.8,409,1,1
1,19,-36.779801,-73.068545,0.0,213.9,27.0,-36.775871,-73.067253,0.0,284.5,131.9,397,1,1
7,20,-36.775294,-73.067992,0.0,183.0,28.1,-36.778867,-73.068579,0.0,112.6,274.8,436,1,1
2,11,-36.780193,-73.065207,0.0,270.8,241.3,-36.778049,-73.068105,0.0,113,179.3,5568,1,1
10,13,-36.778304,-73.064241,0.0,68.3,131.9,-36.776995,-73.068523,0.0,274,236,5388,1,1
8,12,-36.779532,-73.065821,0.0,254.3,321.9,-36.777421,-73.066144,0.0,271.3,304.7,5536,1,1
8,11,-36.778085,-73.066554,0.0,101.3,170.0,-36.776991,-73.066781,0.0,67.3,233.1,392,1,1
5,17,-36.777406,-73.064833,0.0,246.9,124.5,-36.776845,-73.067548,0.0,31.4,59.9,5406,1,1
3,11,-36.775536,-73.064871,0.0,24.8,279.9,-36.776865,-73.064577,0.0,192.6,320,5449,1,1
5,19,-36.777325,-73.066630,0.0,18.3,45.7,-36.776351,-73.067024,0.0,149.1,133.1,397,1,1
2,12,-36.777121,-73.066558,0.0,221.9,57.3,-36.779974,-73.066289,0.0,226.5,344.9,5569,1,1
2,15,-36.775706,-73.068501,0.0,182.4,25.6,-36.779055,-73.066393,0.0,289.6,89.4,5511,1,1
6,21,-36.778358,-73.063955,0.0,49.7,21.1,-36.778878,-73.067337,0.0,115.1,85.6,5387,1,1
8,21,-36.775871,-73.066191,0.0,181.5,43.5,-36.77932,-73.064873,0.0,154.1,80.6,5508,1,1
1,13,-36.775371,-73.066390,0.0,263.7,264.8,-36.779445,-73.064652,0.0,86.7,279.6,5531,1,1
2,15,-36.778524,-73.065067,0.0,167.1,209.3,-36.776107,-73.067664,0.0,119.9,15,5447,1,1
9,16,-36.776899,-73.064727,0.0,31.4,101.5,-36.776266,-73.068611,0.0,67,31.7,5386,1,1
2,18,-36.776755,-73.067029,0.0,133.2,21.2,-36.776612,-73.06577,0.0,86.3,210.1,5,1,1
2,15,-36.776786,-73.065466,0.0,145.4,269.8,-36.778586,-73.068578,0.0,49.1,185.8,396,1,1
4,15,-36.777590,-73.064299,0.0,298.3,103.1,-36.77826,-73.064596,0.0,256.8,302.2,20,1,1
4,20,-36.778909,-73.063921,0.0,19.4,187.8,-36.777561,-73.068484,0.0,130.3,100.4,5409,1,1
9,16,-36.779950,-73.068213,0.0,12.8,321.2,-36.775584,-73.068057,0.0,263.3,115,413,1,1
1,20,-36.778744,-73.066512,0.0,192.9,86.0,-36.77767,-73.065645,0.0,174.3,67.6,5405,1,1
2,20,-36.778963,-73.067985,0.0,38.9,234.7,-36.77892,-73.068354,0.0,98.8,215,0,1,1
5,19,-36.778319,-73.068232,0.0,191.7,30.8,-36.777665,-73.066309,0.0,295.6,305.8,0,1,1
2,14,-36.775995,-73.066892,0.0,196.3,102.4,-36.778988,-73.067695,0.0,128.2,99.6,396,1,1
8,21,-36.780250,-73.064994,0.0,263.0,30.6,-36.777596,-73.065569,0.0,129.9,183.6,167,1,1
3,17,-36.777432,-73.065298,0.0,71.9,129.6,-36.776363,-73.066224,0.0,169.9,25.3,5424,1,1
6,14,-36.776127,-73.065972,0.0,40.1,55.1,-36.779201,-73.066005,0.0,286.3,74.6,5527,1,1
1,15,-36.776745,-73.067866,0.0,14.2,28.6,-36.779398,-73.067432,0.0,40,54.8,368,1,1
3,15,-36.779122,-73.067041,0.0,26.9,197.2,-36.779904,-73.065193,0.0,252.9,222.3,5553,1,1
10,16,-36.777555,-73.066739,0.0,198.9,101.9,-36.775149,-73.067165,0.0,218.1,316.4,436,1,1
3,12,-36.778295,-73.066034,0.0,149.6,12.4,-36.776427,-73.066932,0.0,205.3,233.4,5456,1,1
1,14,-36.777423,-73.068587,0.0,208.7,14.6,-36.780329,-73.066835,0.0,283.7,346,5601,1,1
9,15,-36.779392,-73.065294,0.0,195.2,203.8,-36.779742,-73.068557,0.0,178,351.4,5496,1,1
7,14,-36.779753,-73.064556,0.0,66.9,18.5,-36.777893,-73.066195,0.0,12.2,120.5,5496,1,1
8,12,-36.777193,-73.065070,0.0,174.6,226.0,-36.777686,-73.068204,0.0,171,46.5,5386,1,1
4,11,-36.776703,-73.067310,0.0,240.4,46.8,-36.776525,-73.068377,0.0,36.4,76.3,40,1,1
3,18,-36.779407,-73.065046,0.0,67.3,49.3,-36.779422,-73.066039,0.0,171.3,165.3,38,1,1
7,11,-36.779974,-73.064657,0.0,162.8,193.6,-36.777028,-73.065838,0.0,143.6,9.7,5567,1,1
8,21,-36.778136,-73.064004,0.0,266.4,7.3,-36.775763,-73.065532,0.0,144.9,73.2,5413,1,1
2,17,-36.777497,-73.068066,0.0,52.4,139.5,-36.775181,-73.06734,0.0,5.6,127.3,436,1,1
1,18,-36.780046,-73.064310,0.0,252.7,136.1,-36.777348,-73.067398,0.0,257.8,165.6,5530,1,1
3,16,-36.776348,-73.067318,0.0,117.3,317.9,-36.777658,-73.065131,0.0,224.4,33.3,5422,1,1
6,12,-36.779775,-73.065702,0.0,153.4,221.8,-36.776129,-73.066437,0.0,289.6,26.8,5579,1,1
6,16,-36.778367,-73.066795,0.0,273.7,199.5,-36.778937,-73.067919,0.0,14.7,266.6,0,1,1
6,11,-36.780148,-73.068447,0.0,24.5,239.7,-36.776502,-73.065405,0.0,37.4,118.1,397,1,1
1,11,-36.775625,-73.066230,0.0,189.2,284.7,-36.77745,-73.068176,0.0,296.3,296.3,396,1,1
4,14,-36.778278,-73.068589,0.0,139.4,212.1,-36.778204,-73.067129,0.0,148,283.7,0,1,1
5,12,-36.776717,-73.064928,0.0,5.1,339.3,-36.776461,-73.064273,0.0,167.7,129.8,51,1,1
2,15,-36.778812,-73.064427,0.0,52.7,213.9,-36.778151,-73.064273,0.0,151.9,141.5,27,1,1
5,12,-36.776663,-73.065847,0.0,167.0,249.3,-36.775754,-73.067723,0.0,112.8,274.3,0,1,1
1,19,-36.776029,-73.067878,0.0,56.6,350.7,-36.778439,-73.066859,0.0,92.2,247.7,392,1,1
2,13,-36.777380,-73.064274,0.0,179.4,251.0,-36.776888,-73.064151,0.0,151.6,301.1,183,1,1
3,20,-36.779532,-73.066038,0.0,95.8,129.0,-36.778248,-73.064735,0.0,89.5,117.3,142,1,1
5,15,-36.779132,-73.067494,0.0,126.9,13.6,-36.775973,-73.064572,0.0,149.5,261.4,5352,1,1
9,20,-36.776650,-73.067926,0.0,191.0,64.7,-36.776596,-73.064908,0.0,158.3,143,5431,1,1
2,19,-36.776483,-73.065876,0.0,11.3,184.9,-36.780232,-73.064269,0.0,56.7,269.1,5583,1,1
5,19,-36.779477,-73.065999,0.0,132.6,204.6,-36.77969,-73.063966,0.0,102,219.6,57,1,1
7,21,-36.777909,-73.064966,0.0,217.7,148.2,-36.776674,-73.065262,0.0,216.1,88.2,5433,1,1
3,17,-36.775778,-73.067540,0.0,287.0,101.3,-36.780231,-73.064971,0.0,162.2,268.8,5599,1,1
2,14,-36.777106,-73.067316,0.0,176.2,30.6,-36.776232,-73.065807,0.0,293.2,60.6,397,1,1
9,15,-36.776696,-73.065064,0.0,71.6,154.6,-36.778568,-73.067629,0.0,51.1,164.5,396,1,1
9,19,-36.776845,-73.066865,0.0,115.0,139.3,-36.779515,-73.064893,0.0,2.6,274.8,5523,1,1
6,19,-36.779057,-73.067232,0.0,138.8,358.5,-36.778523,-73.066845,0.0,279.2,98.3,0,1,1
9,11,-36.775977,-73.066498,0.0,45.0,13.5,-36.775541,-73.066371,0.0,271.9,146.5,0,1,1
8,19,-36.778813,-73.067774,0.0,91.0,248.6,-36.779079,-73.066959,0.0,207.8,209.6,0,1,1
1,11,-36.775523,-73.064017,0.0,89.8,14.7,-36.779988,-73.068248,0.0,182.8,206.5,5352,1,1
1,11,-36.778304,-73.067182,0.0,84.4,309.4,-36.77635,-73.066349,0.0,162.4,47.9,397,1,1
1,15,-36.776051,-73.068157,0.0,194.9,313.8,-36.776405,-73.0648,0.0,86.1,121.1,5424,1,1
4,13,-36.776683,-73.067555,0.0,239.6,268.6,-36.777846,-73.068619,0.0,88.9,316.6,385,1,1
9,11,-36.779508,-73.068448,0.0,273.9,296.5,-36.779231,-73.068072,0.0,220.8,307.8,0,1,1
6,13,-36.776966,-73.068519,0.0,236.3,274.2,-36.779633,-73.067955,0.0,187.7,195.9,7,1,1
3,14,-36.775529,-73.066758,0.0,76.3,174.8,-36.776507,-73.065653,0.0,286.7,136.8,6,1,1
6,19,-36.777953,-73.064318,0.0,65.5,293.9,-36.775871,-73.067417,0.0,42.2,63.3,5417,1,1
5,21,-36.780203,-73.067073,0.0,75.4,17.1,-36.779379,-73.067249,0.0,290.8,137.4,5600,1,1
6,14,-36.775252,-73.067371,0.0,209.6,231.2,-36.779676,-73.064488,0.0,119.5,50.8,5567,1,1
6,12,-36.775152,-73.065378,0.0,273.0,64.4,-36.777389,-73.067146,0.0,180.5,56.5,424,1,1
5,17,-36.778048,-73.065761,0.0,131.0,60.3,-36.778075,-73.067754,0.0,168.7,338,5414,1,1
6,15,-36.776248,-73.067821,0.0,208.5,218.6,-36.778238,-73.065981,0.0,109.5,156.1,5441,1,1
4,18,-36.779850,-73.065108,0.0,148.9,313.3,-36.775667,-73.064946,0.0,225.8,352.8,5572,1,1
8,17,-36.775641,-73.064463,0.0,25.3,232.7,-36.777985,-73.064499,0.0,210.8,16.3,275,1,1
7,17,-36.778414,-73.067632,0.0,128.9,338.8,-36.777669,-73.066512,0.0,116.6,2.4,0,1,1
3,12,-36.779766,-73.067765,0.0,37.1,235.9,-36.780162,-73.066799,0.0,112.4,69.7,5601,1,1
2,12,-36.775310,-73.066057,0.0,196.1,193.9,-36.775312,-73.067172,0.0,94.7,87.6,13,1,1
6,16,-36.777468,-73.066320,0.0,108.9,130.9,-36.780189,-73.066184,0.0,278.7,151.1,5601,1,1
4,16,-36.776036,-73.064166,0.0,230.1,92.5,-36.778383,-73.06823,0.0,80.5,61.6,5352,1,1
3,11,-36.777701,-73.066408,0.0,111.5,319.4,-36.778496,-73.067936,0.0,165.5,162.4,0,1,1
1,20,-36.780293,-73.067682,0.0,2.3,243.1,-36.779256,-73.06547,0.0,157.4,42.5,105,1,1
2,19,-36.775466,-73.065375,0.0,165.7,340.1,-36.779693,-73.06569,0.0,164.1,48.2,5583,1,1
6,19,-36.779041,-73.064174,0.0,60.1,335.3,-36.779492,-73.067278,0.0,0.6,252.9,5425,1,1
5,15,-36.779729,-73.068600,0.0,283.9,270.5,-36.780198,-73.068148,0.0,204.2,265.1,0,1,1
2,13,-36.776115,-73.067429,0.0,148.9,56.1,-36.777838,-73.065577,0.0,267.8,252.8,5436,1,1
8,17,-36.778083,-73.065265,0.0,73.0,177.0,-36.775993,-73.065494,0.0,79,319.7,5436,1,1
5,19,-36.775665,-73.067368,0.0,141.4,108.4,-36.778579,-73.065716,0.0,75.4,259.1,5465,1,1
6,21,-36.778056,-73.068586,0.0,235.8,141.7,-36.777583,-73.064127,0.0,119,42.4,5376,1,1
9,13,-36.778936,-73.067413,0.0,118.1,334.8,-36.779546,-73.066832,0.0,55.1,95.1,5553,1,1
2,17,-36.778549,-73.066186,0.0,111.6,255.6,-36.777451,-73.068039,0.0,44.7,172.7,5449,1,1
6,12,-36.778173,-73.065964,0.0,224.3,138.4,-36.777103,-73.063853,0.0,282,232.7,216,1,1
5,12,-36.778360,-73.064394,0.0,125.1,137.6,-36.780222,-73.066722,0.0,176.5,272.5,199,1,1
2,13,-36.777854,-73.067441,0.0,38.8,6.2,-36.78,-73.068611,0.0,236.8,233.4,0,1,1
2,16,-36.777981,-73.067753,0.0,49.0,202.6,-36.776391,-73.066478,0.0,235.6,212.6,397,1,1
3,21,-36.775740,-73.067615,0.0,283.8,300.7,-36.775733,-73.065513,0.0,35.9,307.9,0,1,1
5,16,-36.778589,-73.067013,0.0,76.7,105.9,-36.776816,-73.064929,0.0,262.4,352.9,5383,1,1
3,18,-36.776747,-73.065247,0.0,224.2,226.0,-36.778424,-73.063915,0.0,56.3,43.5,5420,1,1
1,13,-36.780344,-73.065743,0.0,0.6,198.0,-36.778599,-73.064997,0.0,155.4,240.4,181,1,1
1,18,-36.778695,-73.064181,0.0,168.3,333.6,-36.777367,-73.065416,0.0,21,3.6,11,1,1
6,11,-36.775500,-73.066439,0.0,285.5,22.3,-36.776499,-73.066839,0.0,70.5,24.4,6,1,1
9,21,-36.777316,-73.067980,0.0,20.9,235.2,-36.779125,-73.06559,0.0,7.7,184.2,5485,1,1
7,20,-36.779769,-73.067628,0.0,54.1,94.9,-36.775999,-73.068246,0.0,233.6,244.2,383,1,1
6,18,-36.779374,-73.064506,0.0,157.4,39.5,-36.780053,-73.066873,0.0,274.7,194.9,131,1,1
7,13,-36.779637,-73.068312,0.0,182.5,205.0,-36.779595,-73.065041,0.0,127.6,62.3,5497,1,1
2,20,-36.779178,-73.065720,0.0,205.4,270.5,-36.78018,-73.068366,0.0,299.8,18,5496,1,1
1,21,-36.779920,-73.067934,0.0,56.8,267.7,-36.780155,-73.064605,0.0,221,355.7,5553,1,1
8,20,-36.776307,-73.065447,0.0,13.6,188.0,-36.777964,-73.064855,0.0,35.4,54.1,5431,1,1
7,19,-36.780014,-73.065936,0.0,133.0,130.5,-36.777856,-73.067172,0.0,49.3,283.4,5568,1,1
2,17,-36.775657,-73.065275,0.0,275.9,69.6,-36.77878,-73.066071,0.0,127.2,334,5499,1,1
3,12,-36.780380,-73.063897,0.0,60.1,103.8,-36.77706,-73.064109,0.0,52.5,140.5,352,1,1
3,14,-36.778721,-73.066969,0.0,102.9,70.2,-36.779159,-73.067338,0.0,230.4,86.1,0,1,1
3,19,-36.779786,-73.066612,0.0,281.8,180.4,-36.778762,-73.067048,0.0,59.6,344,5568,1,1
2,18,-36.775580,-73.066373,0.0,30.7,244.2,-36.7752,-73.067315,0.0,34.5,79.3,40,1,1
8,12,-36.777070,-73.067070,0.0,194.3,291.5,-36.780088,-73.066663,0.0,109.4,128.6,5601,1,1
5,18,-36.779252,-73.064646,0.0,205.7,218.4,-36.778023,-73.066604,0.0,219.4,244.4,5462,1,1
2,19,-36.779447,-73.068319,0.0,249.3,184.4,-36.776058,-73.064919,0.0,80.1,0.3,397,1,1
1,17,-36.778555,-73.066903,0.0,152.2,122.2,-36.778952,-73.067993,0.0,281.8,180.6,0,1,1
3,11,-36.779861,-73.064657,0.0,113.7,183.9,-36.775354,-73.065572,0.0,265.7,327.3,5567,1,1
8,13,-36.777492,-73.064632,0.0,48.2,237.0,-36.775518,-73.067074,0.0,106.4,139.3,5425,1,1
3,15,-36.777078,-73.067253,0.0,98.3,44.9,-36.778389,-73.068318,0.0,197.2,312.8,0,1,1
7,13,-36.778389,-73.067842,0.0,173.4,90.8,-36.778219,-73.068614,0.0,62.4,52,0,1,1
7,17,-36.778590,-73.067607,0.0,198.0,240.1,-36.778917,-73.065687,0.0,240.7,42.1,5468,1,1
5,19,-36.778607,-73.065118,0.0,50.4,39.8,-36.778724,-73.066941,0.0,181.5,279.6,5421,1,1
3,16,-36.777811,-73.065902,0.0,247.8,351.0,-36.77811,-73.068037,0.0,163.4,115.2,0,1,1
9,15,-36.776748,-73.066271,0.0,60.0,305.1,-36.777348,-73.067064,0.0,268.7,21.4,396,1,1
10,14,-36.776105,-73.067140,0.0,130.3,195.7,-36.775784,-73.064034,0.0,98.9,50.6,5382,1,1
2,21,-36.780326,-73.064491,0.0,212.0,5.1,-36.775567,-73.0663,0.0,72.8,90.2,5596,1,1
10,19,-36.776371,-73.065793,0.0,292.7,265.9,-36.776925,-73.066942,0.0,156.7,43.6,5,1,1
4,14,-36.776306,-73.066357,0.0,9.0,277.5,-36.778037,-73.067654,0.0,154,130.5,396,1,1
6,11,-36.777597,-73.064528,0.0,191.3,13.9,-36.775449,-73.065724,0.0,44.5,313,5416,1,1
5,13,-36.778617,-73.064637,0.0,45.6,249.2,-36.779481,-73.065328,0.0,258.9,204.2,82,1,1
5,16,-36.777220,-73.068528,0.0,118.3,82.4,-36.778889,-73.065487,0.0,237.7,19,5458,1,1
9,11,-36.778830,-73.064783,0.0,42.1,322.9,-36.776491,-73.066147,0.0,110.7,94.3,5458,1,1
2,17,-36.777971,-73.063932,0.0,6.9,168.7,-36.776866,-73.063879,0.0,246.4,254.9,198,1,1
6,16,-36.777960,-73.067655,0.0,109.0,137.2,-36.778085,-73.066844,0.0,125.1,31.2,0,1,1
3,12,-36.779059,-73.067876,0.0,147.5,296.3,-36.775746,-73.064734,0.0,84.1,15.1,397,1,1
1,14,-36.779138,-73.065682,0.0,160.4,142.2,-36.779014,-73.065989,0.0,251,97.7,1,1,1
4,12,-36.780259,-73.067285,0.0,276.9,6.2,-36.780418,-73.06803,0.0,102.8,273.1,5600,1,1
10,16,-36.776877,-73.067815,0.0,191.7,267.0,-36.779375,-73.064634,0.0,39,221.3,5475,1,1
7,21,-36.780048,-73.066838,0.0,252.4,80.6,-36.780027,-73.066766,0.0,163.8,347.6,0,1,1
8,20,-36.780456,-73.068172,0.0,123.9,352.7,-36.779267,-73.06609,0.0,68.1,257,5497,1,1
1,16,-36.777344,-73.066820,0.0,180.2,279.1,-36.779197,-73.066076,0.0,216.6,248.1,5497,1,1
7,12,-36.777090,-73.065333,0.0,79.0,14.0,-36.776097,-73.068564,0.0,171.1,290.3,5377,1,1
6,20,-36.777905,-73.067048,0.0,90.2,346.5,-36.779973,-73.068028,0.0,217.2,254,0,1,1
3,19,-36.779257,-73.067851,0.0,121.9,264.3,-36.777956,-73.065292,0.0,244.1,128.4,5406,1,1
2,13,-36.777228,-73.067331,0.0,109.5,341.2,-36.779964,-73.06789,0.0,186.5,310.5,0,1,1
5,12,-36.779891,-73.064848,0.0,35.2,352.4,-36.77612,-73.064704,0.0,297.3,311.5,398,1,1
10,11,-36.775149,-73.064549,0.0,177.9,83.3,-36.778682,-73.06743,0.0,269.7,308.3,957,1,1
6,21,-36.776451,-73.068336,0.0,118.5,65.6,-36.77558,-73.066069,0.0,174,340.3,43,1,1
2,17,-36.779142,-73.066824,0.0,124.5,284.4,-36.775774,-73.066667,0.0,157.3,319,397,1,1
7,21,-36.778737,-73.065102,0.0,30.7,298.9,-36.779948,-73.064478,0.0,289.8,210,97,1,1
6,16,-36.778440,-73.068487,0.0,117.2,223.8,-36.778388,-73.066673,0.0,75,25.3,0,1,1
10,13,-36.778071,-73.067756,0.0,282.1,220.1,-36.779498,-73.064083,0.0,90.8,119.3,5467,1,1
3,14,-36.779413,-73.067996,0.0,139.2,13.4,-36.776538,-73.066975,0.0,173.4,215.8,392,1,1
7,14,-36.778433,-73.068323,0.0,282.4,254.0,-36.780212,-73.066895,0.0,232.3,214.2,5601,1,1
9,16,-36.776830,-73.066329,0.0,9.7,24.9,-36.776249,-73.063854,0.0,6.9,148.2,5382,1,1
6,21,-36.777169,-73.063842,0.0,237.6,358.4,-36.779972,-73.066868,0.0,193.1,321.9,391,1,1
9,11,-36.779241,-73.067691,0.0,166.2,48.6,-36.776557,-73.066383,0.0,81.3,238.1,397,1,1
3,11,-36.777966,-73.066458,0.0,73.7,214.1,-36.777341,-73.065968,0.0,282.8,35.2,0,1,1
6,17,-36.776524,-73.068541,0.0,263.7,313.4,-36.778475,-73.066059,0.0,265.8,85.1,5412,1,1
8,15,-36.779632,-73.065941,0.0,130.2,93.1,-36.776105,-73.064401,0.0,10.2,335.6,425,1,1
3,18,-36.775463,-73.064799,0.0,32.3,128.9,-36.777943,-73.068222,0.0,106.8,113.4,396,1,1
2,17,-36.776192,-73.064333,0.0,185.3,11.5,-36.775337,-73.067731,0.0,257.2,66.2,5423,1,1
1,18,-36.776312,-73.064421,0.0,292.4,329.8,-36.775868,-73.067154,0.0,152.3,25.5,5383,1,1
3,12,-36.778525,-73.065888,0.0,34.5,8.9,-36.776465,-73.064499,0.0,81.1,277.4,272,1,1
10,13,-36.776007,-73.066012,0.0,59.0,359.1,-36.779901,-73.067316,0.0,291.6,225.4,396,1,1
3,18,-36.776620,-73.066013,0.0,282.0,28.4,-36.779052,-73.06392,0.0,112.9,128.8,5450,1,1
6,18,-36.780066,-73.066103,0.0,34.0,147.3,-36.77959,-73.064143,0.0,80.9,237.3,91,1,1
5,13,-36.780009,-73.064905,0.0,111.5,163.3,-36.777192,-73.06568,0.0,269,137.4,5579,1,1
2,19,-36.775831,-73.063856,0.0,58.4,51.7,-36.779564,-73.066795,0.0,230.9,163.8,432,1,1
2,16,-36.777525,-73.067644,0.0,287.4,231.2,-36.778431,-73.066478,0.0,278.4,281.6,0,1,1
4,12,-36.778179,-73.065988,0.0,191.5,69.7,-36.778879,-73.065011,0.0,254.7,313.4,19,1,1
5,14,-36.777518,-73.064021,0.0,181.9,85.6,-36.776878,-73.068237,0.0,195.8,154.1,5373,1,1
10,15,-36.777307,-73.065009,0.0,146.9,88.9,-36.777862,-73.06485,0.0,279.2,257.2,8,1,1
7,18,-36.778109,-73.066319,0.0,209.4,4.5,-36.778277,-73.06472,0.0,200.6,102.6,5406,1,1
6,19,-36.775223,-73.065920,0.0,86.5,174.9,-36.778911,-73.065038,0.0,16.3,153.9,5501,1,1
1,21,-36.779665,-73.065623,0.0,269.7,123.6,-36.778852,-73.064949,0.0,148.5,276.3,108,1,1
8,17,-36.776857,-73.067115,0.0,202.2,197.5,-36.778221,-73.063852,0.0,113.1,355.3,5404,1,1
10,20,-36.777209,-73.067815,0.0,82.8,330.0,-36.778745,-73.067182,0.0,269.7,64.7,0,1,1
4,20,-36.778877,-73.068075,0.0,62.7,84.6,-36.778348,-73.065385,0.0,209.3,175.7,5416,1,1
2,15,-36.779965,-73.068111,0.0,257.0,222.8,-36.777004,-73.06594,0.0,284.8,225.2,397,1,1
1,17,-36.779504,-73.064490,0.0,209.3,247.8,-36.779872,-73.065757,0.0,41.7,154.5,53,1,1
4,17,-36.779858,-73.065895,0.0,50.9,105.0,-36.780303,-73.066325,0.0,21.1,185.7,32,1,1
9,12,-36.775641,-73.066175,0.0,236.8,201.7,-36.775714,-73.066533,0.0,138,340.9,0,1,1
2,17,-36.775577,-73.065478,0.0,290.1,347.6,-36.777344,-73.066899,0.0,255.2,302.7,396,1,1
9,13,-36.780428,-73.066679,0.0,236.1,99.0,-36.780171,-73.066515,0.0,239,352.9,0,1,1
4,21,-36.777800,-73.067980,0.0,22.7,170.9,-36.775855,-73.064104,0.0,124.2,164,5352,1,1
9,21,-36.777264,-73.067576,0.0,101.6,257.5,-36.778444,-73.068082,0.0,212.9,347.4,0,1,1
5,19,-36.777824,-73.064621,0.0,189.7,132.4,-36.776981,-73.063932,0.0,253.3,289.7,198,1,1
3,14,-36.778836,-73.068612,0.0,163.8,351.9,-36.779399,-73.066546,0.0,45.3,106.7,5553,1,1
9,13,-36.777721,-73.064201,0.0,21.9,166.7,-36.775722,-73.067922,0.0,125.3,35.2,5413,1,1
4,16,-36.777869,-73.064574,0.0,224.5,290.4,-36.775439,-73.06772,0.0,283.5,225.8,5450,1,1
3,13,-36.778983,-73.067137,0.0,232.1,257.9,-36.779049,-73.067969,0.0,113.1,357.8,0,1,1
8,20,-36.779880,-73.065373,0.0,165.2,262.7,-36.780451,-73.064885,0.0,240.7,181.6,20,1,1
7,11,-36.779006,-73.067738,0.0,277.2,165.7,-36.778492,-73.065212,0.0,41.1,76.5,5420,1,1
1,20,-36.778076,-73.068084,0.0,54.3,23.4,-36.776583,-73.067073,0.0,28.8,296.7,392,1,1
10,19,-36.778586,-73.068221,0.0,196.8,5.8,-36.775344,-73.064578,0.0,85.8,95.1,397,1,1
7,19,-36.778366,-73.065871,0.0,274.2,358.4,-36.778543,-73.0684,0.0,27.9,291.9,5425,1,1
5,15,-36.779324,-73.066300,0.0,297.5,341.2,-36.779271,-73.06684,0.0,176,12,5534,1,1
9,11,-36.780145,-73.068089,0.0,157.4,290.0,-36.777729,-73.065154,0.0,66.2,153.2,5400,1,1
4,19,-36.775559,-73.068473,0.0,115.9,98.9,-36.779597,-73.068197,0.0,153.8,148.9,421,1,1
6,19,-36.775815,-73.067815,0.0,228.4,222.9,-36.779929,-73.066628,0.0,293.9,92.5,5599,1,1
3,14,-36.777986,-73.065155,0.0,133.3,46.2,-36.779155,-73.068555,0.0,80.6,170,5404,1,1
1,19,-36.779818,-73.068218,0.0,244.6,122.5,-36.777035,-73.065783,0.0,65.8,200.8,397,1,1
5,14,-36.776260,-73.066151,0.0,103.6,33.3,-36.777983,-73.06819,0.0,274.7,309.3,396,1,1
3,21,-36.779017,-73.068414,0.0,85.2,255.0,-36.776526,-73.065187,0.0,217.7,147.1,397,1,1
10,15,-36.779417,-73.065975,0.0,33.9,251.5,-36.778226,-73.066888,0.0,72.3,306.8,5531,1,1
10,19,-36.775522,-73.066472,0.0,26.6,7.9,-36.779204,-73.066982,0.0,25.2,120.9,400,1,1
2,15,-36.777743,-73.064588,0.0,199.8,262.3,-36.779369,-73.067801,0.0,189.1,241.3,5386,1,1
5,17,-36.777736,-73.066321,0.0,17.4,52.6,-36.777313,-73.067644,0.0,294.3,208.3,0,1,1
5,15,-36.775565,-73.065590,0.0,188.5,200.0,-36.776686,-73.067689,0.0,292.9,194.7,12,1,1
5,20,-36.779817,-73.067422,0.0,43.5,97.2,-36.775567,-73.067232,0.0,251.8,255.4,405,1,1
10,19,-36.775710,-73.067446,0.0,231.5,77.6,-36.776744,-73.06517,0.0,280.3,217.3,0,1,1
1,19,-36.779118,-73.067060,0.0,184.7,288.0,-36.775822,-73.064125,0.0,213.6,91.4,5352,1,1
4,20,-36.776730,-73.066151,0.0,66.6,82.4,-36.778992,-73.068544,0.0,205.2,238.8,396,1,1
2,21,-36.778049,-73.067082,0.0,159.1,330.4,-36.777788,-73.067191,0.0,235,64.7,0,1,1
2,17,-36.776840,-73.067903,0.0,263.5,328.9,-36.778765,-73.06639,0.0,34.6,86.9,360,1,1
6,18,-36.778004,-73.063911,0.0,249.3,77.7,-36.778526,-73.065627,0.0,198.8,275.9,50,1,1
7,18,-36.776688,-73.064773,0.0,270.1,193.5,-36.779246,-73.065529,0.0,205.1,149.9,300,1,1
10,11,-36.779968,-73.066643,0.0,189.6,164.4,-36.775849,-73.066639,0.0,254.2,7.3,5599,1,1
6,11,-36.778519,-73.066385,0.0,99.6,267.0,-36.778842,-73.0644,0.0,125.1,290.2,5420,1,1
4,19,-36.778956,-73.068010,0.0,163.9,221.9,-36.778427,-73.068431,0.0,152.8,313.9,0,1,1
8,20,-36.777412,-73.065178,0.0,153.8,75.4,-36.777189,-73.067544,0.0,264.9,133.7,5391,1,1
2,13,-36.779656,-73.067434,0.0,48.3,286.0,-36.780088,-73.064375,0.0,269.7,104.3,5538,1,1
6,20,-36.779258,-73.065009,0.0,185.9,78.5,-36.775195,-73.067186,0.0,218.5,262.9,5547,1,1
6,21,-36.779119,-73.065519,0.0,1.7,111.6,-36.779335,-73.064343,0.0,192.2,306,22,1,1
1,14,-36.777461,-73.067955,0.0,189.7,357.3,-36.777345,-73.06522,0.0,123.5,198.4,5392,1,1
3,11,-36.775330,-73.064034,0.0,135.3,342.2,-36.779849,-73.068144,0.0,178.7,131.3,5352,1,1
4,18,-36.775575,-73.067749,0.0,269.1,125.9,-36.775248,-73.064027,0.0,97.7,222.3,5396,1,1
5,11,-36.780158,-73.065258,0.0,24.9,71.9,-36.775429,-73.064807,0.0,160.5,329.3,5599,1,1
6,16,-36.776718,-73.065448,0.0,11.6,24.2,-36.778629,-73.068136,0.0,294.8,0.4,396,1,1
1,12,-36.778988,-73.065411,0.0,282.1,257.8,-36.780007,-73.064789,0.0,286.8,338.2,81,1,1
3,12,-36.779746,-73.066843,0.0,280.5,127.6,-36.777077,-73.068305,0.0,192.6,278.5,5568,1,1
4,16,-36.778296,-73.067718,0.0,299.1,339.8,-36.776948,-73.067882,0.0,14.6,83.6,0,1,1
8,14,-36.777657,-73.067133,0.0,14.2,156.0,-36.776424,-73.067604,0.0,181.7,12.6,388,1,1
3,17,-36.775638,-73.068514,0.0,278.1,241.1,-36.778336,-73.064818,0.0,49,160.1,5452,1,1
3,18,-36.779665,-73.066893,0.0,129.2,68.0,-36.779822,-73.065625,0.0,216.7,42.7,0,1,1
8,13,-36.779052,-73.064470,0.0,58.8,163.9,-36.779593,-73.066978,0.0,157.4,214.7,133,1,1
5,19,-36.778472,-73.063968,0.0,261.0,103.5,-36.779024,-73.068266,0.0,262.3,116.1,5391,1,1
10,18,-36.777167,-73.067242,0.0,56.6,39.2,-36.776636,-73.065643,0.0,72.8,219.7,397,1,1
9,17,-36.778789,-73.068111,0.0,227.5,306.4,-36.779575,-73.064985,0.0,231.7,325.4,5497,1,1
6,20,-36.777052,-73.066509,0.0,106.2,310.0,-36.779789,-73.067681,0.0,160.8,310.8,392,1,1
5,14,-36.776444,-73.064473,0.0,211.3,118.8,-36.780158,-73.065396,0.0,44.9,188.1,408,1,1
10,15,-36.775364,-73.066768,0.0,100.2,140.4,-36.776886,-73.068148,0.0,47.2,169.4,419,1,1
10,14,-36.775582,-73.067683,0.0,103.8,169.1,-36.776765,-73.064186,0.0,282.2,118.3,5459,1,1
9,16,-36.778442,-73.067330,0.0,291.3,262.8,-36.778989,-73.064546,0.0,72.2,209.1,5434,1,1
5,11,-36.777437,-73.064627,0.0,78.6,126.3,-36.779245,-73.06834,0.0,191,76.8,5382,1,1
10,17,-36.777914,-73.066455,0.0,246.3,318.7,-36.77565,-73.065971,0.0,167.8,162.2,397,1,1
5,13,-36.779568,-73.065318,0.0,15.7,98.8,-36.778598,-73.066325,0.0,87.2,309.7,5521,1,1
9,20,-36.775658,-73.068079,0.0,269.8,137.4,-36.777973,-73.06699,0.0,236.2,306.1,405,1,1
2,18,-36.776904,-73.066319,0.0,0.3,151.7,-36.779354,-73.06602,0.0,150.1,164.7,5553,1,1
3,20,-36.778273,-73.064553,0.0,127.6,100.1,-36.779698,-73.066411,0.0,270.3,106.3,147,1,1
6,20,-36.778073,-73.067168,0.0,26.6,225.2,-36.780028,-73.064709,0.0,215.7,273.4,5544,1,1
1,16,-36.777017,-73.067567,0.0,69.9,122.7,-36.775863,-73.064602,0.0,281.5,128.4,5352,1,1
7,20,-36.777419,-73.064625,0.0,126.5,180.7,-36.778557,-73.06802,0.0,274,165.3,5382,1,1
3,12,-36.780185,-73.066281,0.0,168.5,67.9,-36.775698,-73.065171,0.0,259.5,186.9,5631,1,1
8,20,-36.778440,-73.066491,0.0,84.3,154.6,-36.775788,-73.066755,0.0,132.2,39.1,397,1,1
2,15,-36.780250,-73.067081,0.0,113.4,200.7,-36.779472,-73.066699,0.0,30.5,241.5,32,1,1
10,13,-36.775719,-73.066587,0.0,119.4,108.6,-36.778718,-73.063915,0.0,41.3,153.7,5433,1,1
3,17,-36.778808,-73.068553,0.0,81.3,67.6,-36.779925,-73.067447,0.0,29.4,262.6,0,1,1
4,21,-36.776649,-73.068519,0.0,213.9,153.9,-36.775716,-73.065024,0.0,163.8,143.6,55,1,1
8,15,-36.779462,-73.065692,0.0,240.8,302.0,-36.775449,-73.068197,0.0,76.1,139.4,5588,1,1
9,13,-36.778228,-73.066732,0.0,200.5,285.0,-36.777417,-73.066843,0.0,163.9,332,0,1,1
5,13,-36.776782,-73.068516,0.0,262.3,40.0,-36.777197,-73.06548,0.0,15.8,238.4,5366,1,1
4,18,-36.777542,-73.067441,0.0,25.5,14.6,-36.779129,-73.06426,0.0,11.5,205.5,5436,1,1
5,20,-36.779794,-73.065796,0.0,276.1,18.3,-36.775996,-73.064367,0.0,245.1,141.1,432,1,1
9,16,-36.776921,-73.065853,0.0,86.6,302.6,-36.775261,-73.068353,0.0,231.9,251.5,40,1,1
4,16,-36.776962,-73.065113,0.0,80.0,69.9,-36.777315,-73.064605,0.0,100.1,1.6,0,1,1
3,16,-36.776209,-73.067833,0.0,133.9,243.7,-36.780402,-73.067573,0.0,217.4,90.7,5625,1,1
8,13,-36.778507,-73.065191,0.0,237.1,14.5,-36.77979,-73.066335,0.0,126.4,204.9,149,1,1
2,14,-36.780364,-73.067463,0.0,19.6,29.4,-36.777502,-73.064179,0.0,9.1,99.5,226,1,1
1,20,-36.776384,-73.065450,0.0,171.3,351.3,-36.780395,-73.064774,0.0,96,44.1,5599,1,1
10,12,-36.777568,-73.063891,0.0,90.7,243.9,-36.77587,-73.067952,0.0,86.8,294.4,5406,1,1
4,13,-36.776588,-73.067649,0.0,251.2,321.9,-36.77818,-73.064481,0.0,183,203,5415,1,1
1,18,-36.776785,-73.066040,0.0,216.8,92.0,-36.776536,-73.066935,0.0,0.6,94.9,4,1,1
4,17,-36.779557,-73.065281,0.0,121.2,31.6,-36.778699,-73.064638,0.0,298.7,221.8,80,1,1
4,20,-36.779067,-73.064385,0.0,150.7,128.3,-36.778401,-73.066937,0.0,273.1,293,5434,1,1
2,13,-36.775932,-73.064380,0.0,178.2,42.0,-36.776391,-73.067294,0.0,294.5,281.9,5378,1,1
10,12,-36.775151,-73.065678,0.0,252.7,343.2,-36.775958,-73.067172,0.0,180.9,271,31,1,1
10,13,-36.779937,-73.065461,0.0,98.6,12.3,-36.775519,-73.067897,0.0,256.6,82.4,5600,1,1
8,16,-36.776651,-73.067175,0.0,209.4,329.6,-36.775564,-73.065105,0.0,239.3,83.9,5,1,1
8,21,-36.776935,-73.068245,0.0,163.3,193.4,-36.776119,-73.068103,0.0,289,248.1,385,1,1
10,11,-36.777411,-73.065499,0.0,123.8,326.9,-36.780452,-73.066693,0.0,105.2,342.5,206,1,1
6,19,-36.776736,-73.064520,0.0,44.4,288.6,-36.778167,-73.066526,0.0,141.7,2.4,5427,1,1
5,5,-36.776226,-73.066223,0.0,192.4,133.1,-36.778894,-73.063901,0.0,36.8,39,5438,1,1
9,16,-36.780462,-73.066442,0.0,152.4,96.6,-36.779408,-73.065443,0.0,116.5,207,91,1,1
4,12,-36.777183,-73.067968,0.0,48.6,256.7,-36.776128,-73.066301,0.0,11.6,207,397,1,1
2,15,-36.779421,-73.066945,0.0,175.1,244.9,-36.779725,-73.067073,0.0,246.5,273.4,5569,1,1
10,11,-36.778656,-73.066104,0.0,12.7,359.0,-36.780125,-73.064762,0.0,268.7,323,92,1,1
10,11,-36.780400,-73.065848,0.0,194.2,306.3,-36.778151,-73.066247,0.0,99.2,156.7,5600,1,1